"product_id","line_item_id","quantity","transaction_id","product_name","price","line_total"
167,1,3,1,"Cheese",8,24
119,2,1,1,"Watch",118.5,118.5
178,1,1,2,"Collar",9.99,9.99
194,1,1,3,"Baby Monitor",10.5,10.5
54,2,1,3,"Dishwasher",56.99,56.99
197,3,1,3,"Drill",53,53
196,1,3,4,"Pacifier",10.79,32.37
147,2,3,4,"Engine Oil",84.5,253.5
58,3,2,4,"Action Figure",47,94
82,4,2,4,"Novel",6.5,13
41,5,3,4,"Dresser",106.79,320.37
122,1,2,5,"Ring",27,54
79,2,1,5,"Magazine",16.99,16.99
135,3,2,5,"Sneakers",48.5,97
174,4,2,5,"Cat Litter",22.79,45.58
49,1,2,6,"Dishwasher",89.79,179.58
156,2,4,6,"Banana",20.79,83.16
151,3,2,6,"Jump Starter",28.99,57.98
136,4,5,6,"Sneakers",120.5,602.5
111,5,1,6,"Sleeping Bag",46.79,46.79
38,1,1,7,"Wardrobe",173.99,173.99
60,2,2,7,"Toy Car",22.79,45.58
169,3,1,7,"Pet Toys",25,25
95,1,5,8,"Conditioner",34.99,174.95
149,2,1,8,"Headlights",88,88
117,1,1,9,"Ring",99,99
69,1,3,10,"Doll",42.79,128.37
54,2,3,10,"Dishwasher",56.99,170.97
55,1,2,11,"Cookware",93.99,187.98
37,2,2,11,"Bookshelf",143.5,287
93,3,1,11,"Hair Gel",17.99,17.99
111,4,4,11,"Sleeping Bag",46.79,187.16
173,1,1,12,"Pet Food Bowl",17.79,17.79
171,2,3,12,"Dog Food",30,90
76,3,3,12,"Novel",29.5,88.5
124,4,1,12,"Pendant",94.79,94.79
104,5,4,12,"Bicycle",183.5,734
140,1,3,13,"Heels",129,387
144,2,1,13,"Tire",99.5,99.5
96,1,2,14,"Shaving Kit",10.99,21.98
10,2,2,14,"T-shirt",68.79,137.58
193,1,2,15,"Baby Wipes",5.5,11
32,2,2,15,"Desk",206.5,413
73,1,7,16,"Magazine",20.79,145.53
70,1,3,17,"Building Blocks",39.99,119.97
188,2,2,17,"Pacifier",6.99,13.98
143,3,1,17,"Car Seat",29.99,29.99
100,4,2,17,"Soccer Ball",102,204
146,1,2,18,"Car Wax",63.5,127
72,2,2,18,"Sci-Fi Book",27.79,55.58
118,3,4,18,"Ankle Bracelet",154.5,618
167,1,2,19,"Cheese",8,16
33,2,3,19,"Armchair",208.5,625.5
67,3,2,19,"Doll",36.99,73.98
186,4,1,19,"Baby Lotion",9.99,9.99
186,5,1,19,"Baby Lotion",9.99,9.99
87,1,1,20,"Nail Polish",5,5
187,2,1,20,"Baby Clothes",5.5,5.5
130,3,1,20,"Sneakers",79,79
166,1,3,21,"Banana",15.5,46.5
145,2,1,21,"Engine Oil",22.79,22.79
43,1,3,22,"Fridge",130.79,392.37
46,1,1,23,"Bowl",25.5,25.5
119,2,1,23,"Watch",118.5,118.5
162,1,3,24,"Eggs",2.5,7.5
120,1,1,25,"Charm Bracelet",48.79,48.79
44,1,1,26,"Fridge",136,136
190,2,1,26,"Pacifier",8.79,8.79
22,3,2,26,"Camera",92,184
24,4,1,26,"Smartphone",85,85
91,1,1,27,"Perfume",27.79,27.79
77,2,4,27,"Novel",17,68
198,3,1,27,"Paintbrush",76.79,76.79
90,1,3,28,"Lip Balm",16.99,50.97
28,1,1,29,"Laptop",181.5,181.5
171,1,3,30,"Dog Food",30,90
172,1,1,31,"Cat Litter",22,22
30,2,1,31,"Coffee Table",225.5,225.5
76,3,1,31,"Novel",29.5,29.5
50,1,2,32,"Microwave",50.99,101.98
130,2,1,32,"Sneakers",79,79
34,3,3,32,"Desk",219.5,658.5
155,4,4,32,"Eggs",18.99,75.96
122,1,2,33,"Ring",27,54
85,2,2,33,"Toothpaste",5.5,11
10,3,3,33,"T-shirt",68.79,206.37
89,1,1,34,"Perfume",19.5,19.5
168,2,1,34,"Apple",16.5,16.5
136,3,3,34,"Sneakers",120.5,361.5
102,1,2,35,"Camping Tent",146.5,293
68,2,1,35,"Lego Set",25.5,25.5
125,3,2,35,"Cufflinks",16.5,33
91,1,1,36,"Perfume",27.79,27.79
81,2,1,36,"Poetry Book",25,25
87,1,2,37,"Nail Polish",5,10
183,1,2,38,"Pacifier",5.99,11.98
57,2,1,38,"Puzzle",38.99,38.99
44,3,4,38,"Fridge",136,544
88,1,1,39,"Shaving Kit",39.99,39.99
58,2,2,39,"Action Figure",47,94
8,3,3,39,"Shorts",11.99,35.97
110,4,1,39,"Basketball",136.79,136.79
160,1,1,40,"Banana",17,17
8,1,1,41,"Shorts",11.99,11.99
170,2,4,41,"Cat Litter",21.99,87.96
165,3,1,41,"Butter",8.99,8.99
180,4,4,41,"Pet Toys",38.99,155.96
75,5,2,41,"Cookbook",12,24
148,1,2,42,"Car Battery",86,172
80,2,1,42,"Poetry Book",15.79,15.79
74,3,3,42,"Biography",24.5,73.5
171,1,2,43,"Dog Food",30,60
187,2,1,43,"Baby Clothes",5.5,5.5
87,1,1,44,"Nail Polish",5,5
167,2,2,44,"Cheese",8,16
104,3,1,44,"Bicycle",183.5,183.5
97,4,1,44,"Toothpaste",6,6
29,5,1,44,"Desk",53.99,53.99
147,1,1,45,"Engine Oil",84.5,84.5
10,2,2,45,"T-shirt",68.79,137.58
146,3,2,45,"Car Wax",63.5,127
3,4,2,45,"Shorts",25.99,51.98
123,5,1,45,"Earrings",41.99,41.99
58,1,2,46,"Action Figure",47,94
39,2,1,46,"Dresser",235,235
102,1,2,47,"Camping Tent",146.5,293
139,1,5,48,"Slippers",149,745
200,2,3,48,"Tool Set",51,153
190,3,3,48,"Pacifier",8.79,26.37
42,1,1,49,"Sofa",59.99,59.99
135,2,1,49,"Sneakers",48.5,48.5
20,3,1,49,"TV",358.99,358.99
100,4,3,49,"Soccer Ball",102,306
152,5,1,49,"Jump Starter",44.79,44.79
153,1,3,50,"Jump Starter",26.79,80.37
50,2,2,50,"Microwave",50.99,101.98
75,3,1,50,"Cookbook",12,12
68,4,1,50,"Lego Set",25.5,25.5
105,1,1,51,"Tennis Racket",68.79,68.79
118,2,1,51,"Ankle Bracelet",154.5,154.5
109,1,1,52,"Camping Tent",158.79,158.79
118,2,2,52,"Ankle Bracelet",154.5,309
51,3,1,52,"Vacuum Cleaner",29.79,29.79
78,4,2,52,"Novel",25.5,51
130,5,4,52,"Sneakers",79,316
77,1,1,53,"Novel",17,17
14,1,1,54,"Dress",79,79
131,2,1,54,"Slippers",138,138
11,3,2,54,"Jeans",98,196
199,1,4,55,"Extension Cord",15,60
123,2,1,55,"Earrings",41.99,41.99
64,3,2,55,"Puzzle",41,82
169,1,3,56,"Pet Toys",25,75
18,2,4,56,"Camera",415.5,1662
60,3,3,56,"Toy Car",22.79,68.37
107,4,2,56,"Camping Tent",164.5,329
76,5,3,56,"Novel",29.5,88.5
53,1,1,57,"Vacuum Cleaner",117.79,117.79
169,1,3,58,"Pet Toys",25,75
167,2,2,58,"Cheese",8,16
55,3,1,58,"Cookware",93.99,93.99
4,4,1,58,"Jacket",82.99,82.99
127,5,1,58,"Sandals",133,133
108,1,1,59,"Tennis Racket",184.79,184.79
131,2,2,59,"Slippers",138,276
179,1,1,60,"Leash",24.79,24.79
190,2,1,60,"Pacifier",8.79,8.79
85,3,2,60,"Toothpaste",5.5,11
128,4,3,60,"Boots",56.99,170.97
115,1,1,61,"Ankle Bracelet",136.79,136.79
198,2,1,61,"Paintbrush",76.79,76.79
200,3,2,61,"Tool Set",51,102
65,4,3,61,"Puzzle",33.5,100.5
180,1,3,62,"Pet Toys",38.99,116.97
145,2,1,62,"Engine Oil",22.79,22.79
52,3,1,62,"Microwave",45,45
62,4,4,62,"Building Blocks",38.99,155.96
29,1,3,63,"Desk",53.99,161.97
109,1,3,64,"Camping Tent",158.79,476.37
141,2,1,64,"Car Battery",80,80
131,3,6,64,"Slippers",138,828
6,1,3,65,"Sweater",98.5,295.5
150,2,1,65,"Car Seat",49.79,49.79
74,3,1,65,"Biography",24.5,24.5
71,4,3,65,"Biography",16.5,49.5
4,5,2,65,"Jacket",82.99,165.98
184,1,3,66,"Pacifier",4.99,14.97
26,1,2,67,"Mouse",381,762
164,2,1,67,"Bread",18.99,18.99
144,3,1,67,"Tire",99.5,99.5
38,1,2,68,"Wardrobe",173.99,347.98
113,2,1,68,"Ring",142,142
141,1,1,69,"Car Battery",80,80
56,2,1,69,"Vacuum Cleaner",137.5,137.5
144,3,1,69,"Tire",99.5,99.5
122,4,2,69,"Ring",27,54
82,5,1,69,"Novel",6.5,6.5
183,1,4,70,"Pacifier",5.99,23.96
122,1,1,71,"Ring",27,27
145,2,2,71,"Engine Oil",22.79,45.58
160,3,3,71,"Banana",17,51
174,4,2,71,"Cat Litter",22.79,45.58
141,5,2,71,"Car Battery",80,160
30,1,1,72,"Coffee Table",225.5,225.5
56,2,1,72,"Vacuum Cleaner",137.5,137.5
185,1,1,73,"Baby Clothes",7.5,7.5
117,2,2,73,"Ring",99,198
53,3,1,73,"Vacuum Cleaner",117.79,117.79
4,1,1,74,"Jacket",82.99,82.99
3,2,1,74,"Shorts",25.99,25.99
133,3,3,74,"Sandals",107,321
42,4,2,74,"Sofa",59.99,119.98
82,1,1,75,"Novel",6.5,6.5
92,1,1,76,"Moisturizer",47.79,47.79
125,2,1,76,"Cufflinks",16.5,16.5
16,3,1,76,"Camera",244.99,244.99
149,1,2,77,"Headlights",88,176
164,2,1,77,"Bread",18.99,18.99
12,3,1,77,"Dress",57.99,57.99
31,4,1,77,"Dresser",208.5,208.5
125,1,2,78,"Cufflinks",16.5,33
175,1,1,79,"Dog Food",27.99,27.99
39,2,1,79,"Dresser",235,235
152,3,1,79,"Jump Starter",44.79,44.79
134,1,4,80,"Heels",135,540
92,2,1,80,"Moisturizer",47.79,47.79
144,3,2,80,"Tire",99.5,199
142,4,1,80,"Engine Oil",22,22
130,5,1,80,"Sneakers",79,79
149,1,1,81,"Headlights",88,88
86,2,3,81,"Perfume",34,102
71,3,2,81,"Biography",16.5,33
97,4,1,81,"Toothpaste",6,6
175,1,3,82,"Dog Food",27.99,83.97
46,2,1,82,"Bowl",25.5,25.5
68,3,1,82,"Lego Set",25.5,25.5
40,1,2,83,"Coffee Table",53.5,107
131,2,1,83,"Slippers",138,138
125,3,1,83,"Cufflinks",16.5,16.5
78,1,4,84,"Novel",25.5,102
12,2,1,84,"Dress",57.99,57.99
2,3,5,84,"Scarf",12.79,63.95
171,1,1,85,"Dog Food",30,30
87,2,3,85,"Nail Polish",5,15
186,3,4,85,"Baby Lotion",9.99,39.96
151,4,3,85,"Jump Starter",28.99,86.97
149,1,2,86,"Headlights",88,176
23,2,5,86,"Speaker",456.99,2284.95
9,3,5,86,"Shoes",26.5,132.5
75,4,2,86,"Cookbook",12,24
107,1,4,87,"Camping Tent",164.5,658
135,2,2,87,"Sneakers",48.5,97
143,1,3,88,"Car Seat",29.99,89.97
39,1,1,89,"Dresser",235,235
52,2,2,89,"Microwave",45,90
117,1,1,90,"Ring",99,99
180,2,2,90,"Pet Toys",38.99,77.98
86,3,1,90,"Perfume",34,34
147,1,1,91,"Engine Oil",84.5,84.5
44,2,6,91,"Fridge",136,816
38,3,3,91,"Wardrobe",173.99,521.97
175,4,4,91,"Dog Food",27.99,111.96
65,1,2,92,"Puzzle",33.5,67
76,2,1,92,"Novel",29.5,29.5
7,3,3,92,"Scarf",52.5,157.5
179,4,3,92,"Leash",24.79,74.37
107,1,3,93,"Camping Tent",164.5,493.5
22,2,2,93,"Camera",92,184
178,3,2,93,"Collar",9.99,19.98
27,4,3,93,"TV",96.79,290.37
162,1,3,94,"Eggs",2.5,7.5
171,2,2,94,"Dog Food",30,60
145,1,1,95,"Engine Oil",22.79,22.79
5,1,2,96,"Scarf",83.5,167
38,1,5,97,"Wardrobe",173.99,869.95
160,2,1,97,"Banana",17,17
159,3,1,97,"Milk",17.5,17.5
127,4,4,97,"Sandals",133,532
72,1,2,98,"Sci-Fi Book",27.79,55.58
81,2,4,98,"Poetry Book",25,100
193,3,3,98,"Baby Wipes",5.5,16.5
20,4,2,98,"TV",358.99,717.98
142,5,1,98,"Engine Oil",22,22
88,1,1,99,"Shaving Kit",39.99,39.99
32,2,2,99,"Desk",206.5,413
167,3,2,99,"Cheese",8,16
123,1,1,100,"Earrings",41.99,41.99
22,2,2,100,"Camera",92,184
98,3,2,100,"Moisturizer",6.5,13
54,1,1,101,"Dishwasher",56.99,56.99
61,2,3,101,"Lego Set",29.5,88.5
3,3,1,101,"Shorts",25.99,25.99
161,1,1,102,"Eggs",9.79,9.79
179,2,1,102,"Leash",24.79,24.79
104,3,1,102,"Bicycle",183.5,183.5
69,4,1,102,"Doll",42.79,42.79
94,5,2,102,"Conditioner",37,74
93,1,1,103,"Hair Gel",17.99,17.99
6,1,1,104,"Sweater",98.5,98.5
161,2,2,104,"Eggs",9.79,19.58
168,3,2,104,"Apple",16.5,33
140,1,4,105,"Heels",129,516
147,1,1,106,"Engine Oil",84.5,84.5
1,2,1,106,"Skirt",47.79,47.79
155,3,1,106,"Eggs",18.99,18.99
69,4,2,106,"Doll",42.79,85.58
83,5,3,106,"Children's Book",22.99,68.97
74,1,3,107,"Biography",24.5,73.5
158,2,1,107,"Chicken",4,4
77,3,1,107,"Novel",17,17
189,4,1,107,"Diapers",6.79,6.79
109,1,2,108,"Camping Tent",158.79,317.58
182,2,4,108,"Leash",35,140
200,3,5,108,"Tool Set",51,255
112,4,1,108,"Football",156,156
67,5,3,108,"Doll",36.99,110.97
92,1,3,109,"Moisturizer",47.79,143.37
48,2,2,109,"Bowl",133.5,267
190,1,3,110,"Pacifier",8.79,26.37
11,2,4,110,"Jeans",98,392
124,3,3,110,"Pendant",94.79,284.37
150,4,4,110,"Car Seat",49.79,199.16
110,1,1,111,"Basketball",136.79,136.79
157,2,2,111,"Butter",13,26
116,3,1,111,"Cufflinks",90,90
16,4,3,111,"Camera",244.99,734.97
94,5,1,111,"Conditioner",37,37
181,1,5,112,"Pet Toys",49,245
129,1,2,113,"Loafers",24.99,49.98
131,2,4,113,"Slippers",138,552
61,1,2,114,"Lego Set",29.5,59
11,2,3,114,"Jeans",98,294
90,3,2,114,"Lip Balm",16.99,33.98
86,4,2,114,"Perfume",34,68
91,1,1,115,"Perfume",27.79,27.79
154,2,3,115,"Car Seat",76.5,229.5
78,1,3,116,"Novel",25.5,76.5
62,2,2,116,"Building Blocks",38.99,77.98
23,3,4,116,"Speaker",456.99,1827.96
96,4,1,116,"Shaving Kit",10.99,10.99
116,1,1,117,"Cufflinks",90,90
162,2,1,117,"Eggs",2.5,2.5
87,3,1,117,"Nail Polish",5,5
63,4,1,117,"Puzzle",10.5,10.5
82,5,1,117,"Novel",6.5,6.5
153,1,2,118,"Jump Starter",26.79,53.58
21,1,4,119,"Speaker",190,760
7,2,2,119,"Scarf",52.5,105
37,3,3,119,"Bookshelf",143.5,430.5
7,4,2,119,"Scarf",52.5,105
3,1,2,120,"Shorts",25.99,51.98
162,1,2,121,"Eggs",2.5,5
103,2,4,121,"Football",163.79,655.16
5,1,2,122,"Scarf",83.5,167
53,1,1,123,"Vacuum Cleaner",117.79,117.79
114,1,1,124,"Watch",150.99,150.99
148,1,2,125,"Car Battery",86,172
75,2,1,125,"Cookbook",12,12
142,3,1,125,"Engine Oil",22,22
11,4,1,125,"Jeans",98,98
84,1,1,126,"Cookbook",21.99,21.99
128,2,3,126,"Boots",56.99,170.97
190,3,2,126,"Pacifier",8.79,17.58
106,4,1,126,"Tennis Racket",142.5,142.5
24,1,2,127,"Smartphone",85,170
22,2,3,127,"Camera",92,276
30,1,1,128,"Coffee Table",225.5,225.5
169,2,2,128,"Pet Toys",25,50
200,3,3,128,"Tool Set",51,153
50,1,5,129,"Microwave",50.99,254.95
95,2,3,129,"Conditioner",34.99,104.97
59,3,3,129,"Puzzle",7.99,23.97
81,1,2,130,"Poetry Book",25,50
52,1,1,131,"Microwave",45,45
44,1,2,132,"Fridge",136,272
105,2,2,132,"Tennis Racket",68.79,137.58
178,3,1,132,"Collar",9.99,9.99
11,1,5,133,"Jeans",98,490
158,2,4,133,"Chicken",4,16
49,1,1,134,"Dishwasher",89.79,89.79
62,2,2,134,"Building Blocks",38.99,77.98
22,1,5,135,"Camera",92,460
100,2,5,135,"Soccer Ball",102,510
10,3,4,135,"T-shirt",68.79,275.16
132,4,2,135,"Running Shoes",117.5,235
78,1,3,136,"Novel",25.5,76.5
189,2,2,136,"Diapers",6.79,13.58
150,1,2,137,"Car Seat",49.79,99.58
147,2,1,137,"Engine Oil",84.5,84.5
95,3,2,137,"Conditioner",34.99,69.98
12,1,1,138,"Dress",57.99,57.99
93,2,1,138,"Hair Gel",17.99,17.99
102,3,1,138,"Camping Tent",146.5,146.5
32,4,3,138,"Desk",206.5,619.5
13,1,3,139,"Jeans",88.99,266.97
130,2,2,139,"Sneakers",79,158
152,1,2,140,"Jump Starter",44.79,89.58
178,2,3,140,"Collar",9.99,29.97
166,3,1,140,"Banana",15.5,15.5
82,1,1,141,"Novel",6.5,6.5
19,2,1,141,"Smartwatch",356.99,356.99
176,1,2,142,"Dog Food",31,62
107,1,3,143,"Camping Tent",164.5,493.5
11,2,1,143,"Jeans",98,98
151,3,2,143,"Jump Starter",28.99,57.98
69,1,4,144,"Doll",42.79,171.16
138,2,1,144,"Slippers",85.5,85.5
114,3,4,144,"Watch",150.99,603.96
56,4,3,144,"Vacuum Cleaner",137.5,412.5
84,1,2,145,"Cookbook",21.99,43.98
101,2,1,145,"Soccer Ball",194.79,194.79
47,1,5,146,"Toaster",105.5,527.5
20,2,1,146,"TV",358.99,358.99
163,1,1,147,"Chicken",16.99,16.99
82,2,1,147,"Novel",6.5,6.5
160,3,5,147,"Banana",17,85
49,4,1,147,"Dishwasher",89.79,89.79
156,5,2,147,"Banana",20.79,41.58
56,1,1,148,"Vacuum Cleaner",137.5,137.5
99,2,1,148,"Bicycle",145.79,145.79
172,3,3,148,"Cat Litter",22,66
97,4,1,148,"Toothpaste",6,6
137,1,3,149,"Dress Shoes",56,168
84,2,1,149,"Cookbook",21.99,21.99
28,3,1,149,"Laptop",181.5,181.5
186,4,6,149,"Baby Lotion",9.99,59.94
47,5,3,149,"Toaster",105.5,316.5
49,1,3,150,"Dishwasher",89.79,269.37
18,2,1,150,"Camera",415.5,415.5
60,3,1,150,"Toy Car",22.79,22.79
109,4,5,150,"Camping Tent",158.79,793.95
195,1,1,151,"Baby Stroller",6,6
170,2,1,151,"Cat Litter",21.99,21.99
196,3,4,151,"Pacifier",10.79,43.16
196,1,2,152,"Pacifier",10.79,21.58
195,2,1,152,"Baby Stroller",6,6
147,3,1,152,"Engine Oil",84.5,84.5
79,4,3,152,"Magazine",16.99,50.97
155,1,1,153,"Eggs",18.99,18.99
62,2,1,153,"Building Blocks",38.99,38.99
129,3,4,153,"Loafers",24.99,99.96
123,4,3,153,"Earrings",41.99,125.97
152,1,4,154,"Jump Starter",44.79,179.16
24,1,3,155,"Smartphone",85,255
196,2,2,155,"Pacifier",10.79,21.58
183,3,1,155,"Pacifier",5.99,5.99
52,4,4,155,"Microwave",45,180
178,5,1,155,"Collar",9.99,9.99
166,1,1,156,"Banana",15.5,15.5
199,2,1,156,"Extension Cord",15,15
172,1,3,157,"Cat Litter",22,66
37,2,2,157,"Bookshelf",143.5,287
102,3,1,157,"Camping Tent",146.5,146.5
72,4,1,157,"Sci-Fi Book",27.79,27.79
6,1,2,158,"Sweater",98.5,197
82,2,2,158,"Novel",6.5,13
120,3,3,158,"Charm Bracelet",48.79,146.37
106,4,1,158,"Tennis Racket",142.5,142.5
137,5,1,158,"Dress Shoes",56,56
156,1,4,159,"Banana",20.79,83.16
172,2,2,159,"Cat Litter",22,44
14,3,1,159,"Dress",79,79
2,4,2,159,"Scarf",12.79,25.58
119,5,1,159,"Watch",118.5,118.5
27,1,2,160,"TV",96.79,193.58
96,2,4,160,"Shaving Kit",10.99,43.96
53,3,2,160,"Vacuum Cleaner",117.79,235.58
12,1,1,161,"Dress",57.99,57.99
138,2,2,161,"Slippers",85.5,171
160,3,3,161,"Banana",17,51
4,4,3,161,"Jacket",82.99,248.97
162,1,1,162,"Eggs",2.5,2.5
85,2,2,162,"Toothpaste",5.5,11
157,1,1,163,"Butter",13,13
17,2,2,163,"Tablet",457.5,915
15,3,3,163,"Speaker",104,312
192,4,3,163,"Baby Bottle",7,21
19,5,2,163,"Smartwatch",356.99,713.98
29,1,4,164,"Desk",53.99,215.96
177,2,1,164,"Pet Toys",48,48
99,1,2,165,"Bicycle",145.79,291.58
159,2,3,165,"Milk",17.5,52.5
184,3,3,165,"Pacifier",4.99,14.97
102,1,4,166,"Camping Tent",146.5,586
60,2,3,166,"Toy Car",22.79,68.37
200,1,1,167,"Tool Set",51,51
141,2,2,167,"Car Battery",80,160
161,1,1,168,"Eggs",9.79,9.79
66,2,1,168,"Building Blocks",32.79,32.79
1,1,3,169,"Skirt",47.79,143.37
57,2,1,169,"Puzzle",38.99,38.99
57,3,1,169,"Puzzle",38.99,38.99
192,1,1,170,"Baby Bottle",7,7
64,2,2,170,"Puzzle",41,82
158,3,2,170,"Chicken",4,8
73,1,3,171,"Magazine",20.79,62.37
94,2,2,171,"Conditioner",37,74
89,3,2,171,"Perfume",19.5,39
143,4,2,171,"Car Seat",29.99,59.98
11,5,1,171,"Jeans",98,98
22,1,1,172,"Camera",92,92
51,2,2,172,"Vacuum Cleaner",29.79,59.58
42,1,1,173,"Sofa",59.99,59.99
151,2,1,173,"Jump Starter",28.99,28.99
23,1,3,174,"Speaker",456.99,1370.97
27,2,1,174,"TV",96.79,96.79
197,3,5,174,"Drill",53,265
196,4,3,174,"Pacifier",10.79,32.37
45,1,1,175,"Air Fryer",120.99,120.99
55,2,4,175,"Cookware",93.99,375.96
122,3,3,175,"Ring",27,81
69,4,4,175,"Doll",42.79,171.16
152,5,5,175,"Jump Starter",44.79,223.95
36,1,1,176,"Chair",26.5,26.5
30,2,2,176,"Coffee Table",225.5,451
174,1,3,177,"Cat Litter",22.79,68.37
13,2,2,177,"Jeans",88.99,177.98
147,3,1,177,"Engine Oil",84.5,84.5
195,4,2,177,"Baby Stroller",6,12
63,5,2,177,"Puzzle",10.5,21
109,1,3,178,"Camping Tent",158.79,476.37
177,2,1,178,"Pet Toys",48,48
2,3,2,178,"Scarf",12.79,25.58
90,4,1,178,"Lip Balm",16.99,16.99
97,5,3,178,"Toothpaste",6,18
55,1,5,179,"Cookware",93.99,469.95
161,2,1,179,"Eggs",9.79,9.79
121,3,1,179,"Charm Bracelet",83.99,83.99
155,1,1,180,"Eggs",18.99,18.99
115,2,1,180,"Ankle Bracelet",136.79,136.79
30,1,1,181,"Coffee Table",225.5,225.5
128,2,2,181,"Boots",56.99,113.98
90,3,3,181,"Lip Balm",16.99,50.97
186,4,2,181,"Baby Lotion",9.99,19.98
123,5,2,181,"Earrings",41.99,83.98
171,1,3,182,"Dog Food",30,90
54,2,4,182,"Dishwasher",56.99,227.96
82,3,2,182,"Novel",6.5,13
116,1,1,183,"Cufflinks",90,90
67,2,2,183,"Doll",36.99,73.98
29,1,1,184,"Desk",53.99,53.99
71,1,1,185,"Biography",16.5,16.5
174,2,5,185,"Cat Litter",22.79,113.95
174,1,1,186,"Cat Litter",22.79,22.79
64,2,2,186,"Puzzle",41,82
68,3,1,186,"Lego Set",25.5,25.5
40,1,2,187,"Coffee Table",53.5,107
21,2,3,187,"Speaker",190,570
67,3,1,187,"Doll",36.99,36.99
29,1,2,188,"Desk",53.99,107.98
42,2,1,188,"Sofa",59.99,59.99
154,3,3,188,"Car Seat",76.5,229.5
34,1,2,189,"Desk",219.5,439
34,2,2,189,"Desk",219.5,439
194,3,3,189,"Baby Monitor",10.5,31.5
139,1,4,190,"Slippers",149,596
176,2,1,190,"Dog Food",31,31
29,3,4,190,"Desk",53.99,215.96
54,4,1,190,"Dishwasher",56.99,56.99
105,1,1,191,"Tennis Racket",68.79,68.79
113,2,2,191,"Ring",142,284
100,3,1,191,"Soccer Ball",102,102
107,4,2,191,"Camping Tent",164.5,329
111,1,1,192,"Sleeping Bag",46.79,46.79
62,2,2,192,"Building Blocks",38.99,77.98
149,3,4,192,"Headlights",88,352
170,4,2,192,"Cat Litter",21.99,43.98
101,1,2,193,"Soccer Ball",194.79,389.58
8,2,2,193,"Shorts",11.99,23.98
80,3,2,193,"Poetry Book",15.79,31.58
179,1,1,194,"Leash",24.79,24.79
134,2,1,194,"Heels",135,135
105,3,2,194,"Tennis Racket",68.79,137.58
63,4,2,194,"Puzzle",10.5,21
52,1,1,195,"Microwave",45,45
31,1,1,196,"Dresser",208.5,208.5
86,2,1,196,"Perfume",34,34
43,1,2,197,"Fridge",130.79,261.58
41,2,1,197,"Dresser",106.79,106.79
64,3,3,197,"Puzzle",41,123
67,4,4,197,"Doll",36.99,147.96
154,5,1,197,"Car Seat",76.5,76.5
41,1,1,198,"Dresser",106.79,106.79
166,2,3,198,"Banana",15.5,46.5
61,3,3,198,"Lego Set",29.5,88.5
154,4,3,198,"Car Seat",76.5,229.5
8,1,1,199,"Shorts",11.99,11.99
15,1,1,200,"Speaker",104,104
142,2,3,200,"Engine Oil",22,66
154,1,5,201,"Car Seat",76.5,382.5
188,2,1,201,"Pacifier",6.99,6.99
109,3,1,201,"Camping Tent",158.79,158.79
49,1,1,202,"Dishwasher",89.79,89.79
160,2,1,202,"Banana",17,17
60,3,2,202,"Toy Car",22.79,45.58
140,4,2,202,"Heels",129,258
153,5,2,202,"Jump Starter",26.79,53.58
104,1,1,203,"Bicycle",183.5,183.5
46,2,1,203,"Bowl",25.5,25.5
84,1,2,204,"Cookbook",21.99,43.98
195,2,2,204,"Baby Stroller",6,12
10,3,1,204,"T-shirt",68.79,68.79
127,1,2,205,"Sandals",133,266
136,1,1,206,"Sneakers",120.5,120.5
103,2,1,206,"Football",163.79,163.79
62,3,4,206,"Building Blocks",38.99,155.96
80,4,1,206,"Poetry Book",15.79,15.79
31,5,3,206,"Dresser",208.5,625.5
75,1,1,207,"Cookbook",12,12
85,1,3,208,"Toothpaste",5.5,16.5
65,2,4,208,"Puzzle",33.5,134
83,3,2,208,"Children's Book",22.99,45.98
32,4,2,208,"Desk",206.5,413
126,5,2,208,"Ankle Bracelet",18.79,37.58
199,1,3,209,"Extension Cord",15,45
52,2,3,209,"Microwave",45,135
59,3,1,209,"Puzzle",7.99,7.99
183,4,3,209,"Pacifier",5.99,17.97
75,5,2,209,"Cookbook",12,24
22,1,2,210,"Camera",92,184
68,1,1,211,"Lego Set",25.5,25.5
59,2,1,211,"Puzzle",7.99,7.99
182,3,1,211,"Leash",35,35
82,4,2,211,"Novel",6.5,13
114,5,5,211,"Watch",150.99,754.95
168,1,1,212,"Apple",16.5,16.5
16,2,2,212,"Camera",244.99,489.98
151,3,1,212,"Jump Starter",28.99,28.99
183,1,1,213,"Pacifier",5.99,5.99
150,2,3,213,"Car Seat",49.79,149.37
20,3,2,213,"TV",358.99,717.98
190,4,2,213,"Pacifier",8.79,17.58
83,1,1,214,"Children's Book",22.99,22.99
119,2,4,214,"Watch",118.5,474
64,3,2,214,"Puzzle",41,82
130,4,2,214,"Sneakers",79,158
131,1,2,215,"Slippers",138,276
2,2,2,215,"Scarf",12.79,25.58
132,3,1,215,"Running Shoes",117.5,117.5
49,4,1,215,"Dishwasher",89.79,89.79
194,5,4,215,"Baby Monitor",10.5,42
82,1,2,216,"Novel",6.5,13
116,2,1,216,"Cufflinks",90,90
27,3,1,216,"TV",96.79,96.79
136,1,2,217,"Sneakers",120.5,241
194,2,2,217,"Baby Monitor",10.5,21
28,3,1,217,"Laptop",181.5,181.5
91,4,3,217,"Perfume",27.79,83.37
98,5,4,217,"Moisturizer",6.5,26
154,1,1,218,"Car Seat",76.5,76.5
186,2,2,218,"Baby Lotion",9.99,19.98
93,1,3,219,"Hair Gel",17.99,53.97
82,2,1,219,"Novel",6.5,6.5
79,1,2,220,"Magazine",16.99,33.98
125,2,2,220,"Cufflinks",16.5,33
26,3,5,220,"Mouse",381,1905
177,4,3,220,"Pet Toys",48,144
129,5,5,220,"Loafers",24.99,124.95
92,1,1,221,"Moisturizer",47.79,47.79
189,2,1,221,"Diapers",6.79,6.79
134,3,2,221,"Heels",135,270
70,4,2,221,"Building Blocks",39.99,79.98
149,1,1,222,"Headlights",88,88
77,1,2,223,"Novel",17,34
184,2,4,223,"Pacifier",4.99,19.96
141,1,4,224,"Car Battery",80,320
40,2,1,224,"Coffee Table",53.5,53.5
106,3,1,224,"Tennis Racket",142.5,142.5
178,1,3,225,"Collar",9.99,29.97
137,2,1,225,"Dress Shoes",56,56
88,3,1,225,"Shaving Kit",39.99,39.99
47,1,3,226,"Toaster",105.5,316.5
167,1,3,227,"Cheese",8,24
140,2,5,227,"Heels",129,645
105,3,2,227,"Tennis Racket",68.79,137.58
37,4,3,227,"Bookshelf",143.5,430.5
197,5,3,227,"Drill",53,159
105,1,1,228,"Tennis Racket",68.79,68.79
141,2,2,228,"Car Battery",80,160
96,3,2,228,"Shaving Kit",10.99,21.98
192,1,2,229,"Baby Bottle",7,14
55,2,2,229,"Cookware",93.99,187.98
53,3,1,229,"Vacuum Cleaner",117.79,117.79
52,4,2,229,"Microwave",45,90
76,1,2,230,"Novel",29.5,59
62,2,1,230,"Building Blocks",38.99,38.99
17,1,1,231,"Tablet",457.5,457.5
195,1,1,232,"Baby Stroller",6,6
159,2,2,232,"Milk",17.5,35
131,3,1,232,"Slippers",138,138
139,4,1,232,"Slippers",149,149
174,1,4,233,"Cat Litter",22.79,91.16
84,2,1,233,"Cookbook",21.99,21.99
130,3,1,233,"Sneakers",79,79
116,4,1,233,"Cufflinks",90,90
146,1,4,234,"Car Wax",63.5,254
27,1,1,235,"TV",96.79,96.79
181,2,4,235,"Pet Toys",49,196
80,3,2,235,"Poetry Book",15.79,31.58
84,1,3,236,"Cookbook",21.99,65.97
63,2,3,236,"Puzzle",10.5,31.5
29,3,1,236,"Desk",53.99,53.99
51,1,1,237,"Vacuum Cleaner",29.79,29.79
17,2,2,237,"Tablet",457.5,915
154,3,1,237,"Car Seat",76.5,76.5
171,1,3,238,"Dog Food",30,90
3,2,1,238,"Shorts",25.99,25.99
199,3,3,238,"Extension Cord",15,45
8,1,7,239,"Shorts",11.99,83.93
123,2,2,239,"Earrings",41.99,83.98
81,3,1,239,"Poetry Book",25,25
61,1,1,240,"Lego Set",29.5,29.5
91,1,2,241,"Perfume",27.79,55.58
79,1,1,242,"Magazine",16.99,16.99
112,2,1,242,"Football",156,156
32,1,3,243,"Desk",206.5,619.5
121,2,1,243,"Charm Bracelet",83.99,83.99
188,3,1,243,"Pacifier",6.99,6.99
199,4,1,243,"Extension Cord",15,15
119,5,1,243,"Watch",118.5,118.5
122,1,1,244,"Ring",27,27
40,2,1,244,"Coffee Table",53.5,53.5
172,1,3,245,"Cat Litter",22,66
154,2,2,245,"Car Seat",76.5,153
121,3,1,245,"Charm Bracelet",83.99,83.99
133,4,1,245,"Sandals",107,107
20,1,2,246,"TV",358.99,717.98
7,2,3,246,"Scarf",52.5,157.5
127,3,2,246,"Sandals",133,266
172,1,6,247,"Cat Litter",22,132
155,2,1,247,"Eggs",18.99,18.99
77,3,5,247,"Novel",17,85
63,1,2,248,"Puzzle",10.5,21
172,2,1,248,"Cat Litter",22,22
142,3,2,248,"Engine Oil",22,44
100,1,2,249,"Soccer Ball",102,204
96,2,1,249,"Shaving Kit",10.99,10.99
101,3,2,249,"Soccer Ball",194.79,389.58
122,4,4,249,"Ring",27,108
94,1,4,250,"Conditioner",37,148
120,1,3,251,"Charm Bracelet",48.79,146.37
94,2,2,251,"Conditioner",37,74
190,1,2,252,"Pacifier",8.79,17.58
115,2,1,252,"Ankle Bracelet",136.79,136.79
27,3,1,252,"TV",96.79,96.79
51,4,2,252,"Vacuum Cleaner",29.79,59.58
199,5,1,252,"Extension Cord",15,15
68,1,1,253,"Lego Set",25.5,25.5
154,1,3,254,"Car Seat",76.5,229.5
11,1,1,255,"Jeans",98,98
132,2,1,255,"Running Shoes",117.5,117.5
153,3,2,255,"Jump Starter",26.79,53.58
65,4,1,255,"Puzzle",33.5,33.5
82,1,3,256,"Novel",6.5,19.5
188,2,1,256,"Pacifier",6.99,6.99
147,3,1,256,"Engine Oil",84.5,84.5
87,4,2,256,"Nail Polish",5,10
143,1,2,257,"Car Seat",29.99,59.98
88,2,4,257,"Shaving Kit",39.99,159.96
134,3,4,257,"Heels",135,540
47,1,4,258,"Toaster",105.5,422
87,2,1,258,"Nail Polish",5,5
84,3,2,258,"Cookbook",21.99,43.98
32,4,1,258,"Desk",206.5,206.5
107,5,1,258,"Camping Tent",164.5,164.5
20,1,4,259,"TV",358.99,1435.96
134,2,1,259,"Heels",135,135
125,3,1,259,"Cufflinks",16.5,16.5
186,1,3,260,"Baby Lotion",9.99,29.97
9,2,1,260,"Shoes",26.5,26.5
39,3,5,260,"Dresser",235,1175
102,1,4,261,"Camping Tent",146.5,586
124,1,2,262,"Pendant",94.79,189.58
114,2,4,262,"Watch",150.99,603.96
69,1,1,263,"Doll",42.79,42.79
189,2,4,263,"Diapers",6.79,27.16
32,1,1,264,"Desk",206.5,206.5
23,2,1,264,"Speaker",456.99,456.99
83,1,2,265,"Children's Book",22.99,45.98
143,2,1,265,"Car Seat",29.99,29.99
186,3,1,265,"Baby Lotion",9.99,9.99
61,4,1,265,"Lego Set",29.5,29.5
148,5,1,265,"Car Battery",86,86
134,1,1,266,"Heels",135,135
59,2,1,266,"Puzzle",7.99,7.99
95,3,1,266,"Conditioner",34.99,34.99
95,1,2,267,"Conditioner",34.99,69.98
176,2,2,267,"Dog Food",31,62
169,3,3,267,"Pet Toys",25,75
35,4,4,267,"Coffee Table",227.79,911.16
145,5,3,267,"Engine Oil",22.79,68.37
60,1,2,268,"Toy Car",22.79,45.58
1,2,1,268,"Skirt",47.79,47.79
38,3,1,268,"Wardrobe",173.99,173.99
149,4,1,268,"Headlights",88,88
127,5,6,268,"Sandals",133,798
105,1,3,269,"Tennis Racket",68.79,206.37
9,2,1,269,"Shoes",26.5,26.5
55,3,4,269,"Cookware",93.99,375.96
23,4,1,269,"Speaker",456.99,456.99
8,1,3,270,"Shorts",11.99,35.97
90,2,1,270,"Lip Balm",16.99,16.99
139,3,2,270,"Slippers",149,298
146,1,3,271,"Car Wax",63.5,190.5
85,2,1,271,"Toothpaste",5.5,5.5
90,3,2,271,"Lip Balm",16.99,33.98
90,1,5,272,"Lip Balm",16.99,84.95
181,2,2,272,"Pet Toys",49,98
189,1,1,273,"Diapers",6.79,6.79
147,2,3,273,"Engine Oil",84.5,253.5
191,3,2,273,"Baby Clothes",9,18
137,4,4,273,"Dress Shoes",56,224
96,1,2,274,"Shaving Kit",10.99,21.98
89,2,1,274,"Perfume",19.5,19.5
120,3,3,274,"Charm Bracelet",48.79,146.37
142,4,4,274,"Engine Oil",22,88
196,5,2,274,"Pacifier",10.79,21.58
87,1,2,275,"Nail Polish",5,10
192,2,1,275,"Baby Bottle",7,7
42,1,1,276,"Sofa",59.99,59.99
101,2,3,276,"Soccer Ball",194.79,584.37
170,3,1,276,"Cat Litter",21.99,21.99
133,1,3,277,"Sandals",107,321
122,2,5,277,"Ring",27,135
124,3,3,277,"Pendant",94.79,284.37
120,4,1,277,"Charm Bracelet",48.79,48.79
33,1,1,278,"Armchair",208.5,208.5
87,2,3,278,"Nail Polish",5,15
21,3,5,278,"Speaker",190,950
74,1,5,279,"Biography",24.5,122.5
90,2,3,279,"Lip Balm",16.99,50.97
87,3,1,279,"Nail Polish",5,5
196,1,1,280,"Pacifier",10.79,10.79
114,2,4,280,"Watch",150.99,603.96
16,3,3,280,"Camera",244.99,734.97
43,1,3,281,"Fridge",130.79,392.37
70,2,4,281,"Building Blocks",39.99,159.96
29,3,3,281,"Desk",53.99,161.97
87,4,5,281,"Nail Polish",5,25
10,1,8,282,"T-shirt",68.79,550.32
58,2,2,282,"Action Figure",47,94
142,1,1,283,"Engine Oil",22,22
60,2,5,283,"Toy Car",22.79,113.95
182,3,2,283,"Leash",35,70
95,4,1,283,"Conditioner",34.99,34.99
164,5,3,283,"Bread",18.99,56.97
109,1,2,284,"Camping Tent",158.79,317.58
101,1,1,285,"Soccer Ball",194.79,194.79
187,2,1,285,"Baby Clothes",5.5,5.5
46,3,1,285,"Bowl",25.5,25.5
112,1,1,286,"Football",156,156
27,2,1,286,"TV",96.79,96.79
44,3,2,286,"Fridge",136,272
17,4,1,286,"Tablet",457.5,457.5
172,5,4,286,"Cat Litter",22,88
181,1,1,287,"Pet Toys",49,49
160,2,2,287,"Banana",17,34
181,3,1,287,"Pet Toys",49,49
89,4,3,287,"Perfume",19.5,58.5
80,5,1,287,"Poetry Book",15.79,15.79
200,1,3,288,"Tool Set",51,153
22,2,2,288,"Camera",92,184
98,3,4,288,"Moisturizer",6.5,26
137,4,3,288,"Dress Shoes",56,168
164,5,1,288,"Bread",18.99,18.99
194,1,1,289,"Baby Monitor",10.5,10.5
183,2,1,289,"Pacifier",5.99,5.99
46,3,1,289,"Bowl",25.5,25.5
164,1,1,290,"Bread",18.99,18.99
135,2,2,290,"Sneakers",48.5,97
82,3,2,290,"Novel",6.5,13
54,4,4,290,"Dishwasher",56.99,227.96
186,5,2,290,"Baby Lotion",9.99,19.98
47,1,3,291,"Toaster",105.5,316.5
73,2,1,291,"Magazine",20.79,20.79
179,3,1,291,"Leash",24.79,24.79
154,4,5,291,"Car Seat",76.5,382.5
112,1,1,292,"Football",156,156
35,2,1,292,"Coffee Table",227.79,227.79
5,3,2,292,"Scarf",83.5,167
50,1,1,293,"Microwave",50.99,50.99
105,1,3,294,"Tennis Racket",68.79,206.37
66,2,5,294,"Building Blocks",32.79,163.95
196,1,3,295,"Pacifier",10.79,32.37
19,2,1,295,"Smartwatch",356.99,356.99
13,1,3,296,"Jeans",88.99,266.97
46,2,1,296,"Bowl",25.5,25.5
41,1,1,297,"Dresser",106.79,106.79
12,2,3,297,"Dress",57.99,173.97
146,3,1,297,"Car Wax",63.5,63.5
54,4,2,297,"Dishwasher",56.99,113.98
101,1,5,298,"Soccer Ball",194.79,973.95
177,1,2,299,"Pet Toys",48,96
147,2,3,299,"Engine Oil",84.5,253.5
102,3,2,299,"Camping Tent",146.5,293
178,4,1,299,"Collar",9.99,9.99
72,1,1,300,"Sci-Fi Book",27.79,27.79
108,2,2,300,"Tennis Racket",184.79,369.58
124,3,1,300,"Pendant",94.79,94.79
20,1,1,301,"TV",358.99,358.99
169,1,2,302,"Pet Toys",25,50
118,1,2,303,"Ankle Bracelet",154.5,309
15,2,3,303,"Speaker",104,312
155,3,2,303,"Eggs",18.99,37.98
150,1,1,304,"Car Seat",49.79,49.79
139,2,2,304,"Slippers",149,298
197,3,1,304,"Drill",53,53
57,4,2,304,"Puzzle",38.99,77.98
130,1,2,305,"Sneakers",79,158
4,2,4,305,"Jacket",82.99,331.96
47,3,1,305,"Toaster",105.5,105.5
198,1,1,306,"Paintbrush",76.79,76.79
93,2,1,306,"Hair Gel",17.99,17.99
95,1,2,307,"Conditioner",34.99,69.98
169,2,2,307,"Pet Toys",25,50
167,3,1,307,"Cheese",8,8
154,4,2,307,"Car Seat",76.5,153
121,5,4,307,"Charm Bracelet",83.99,335.96
38,1,2,308,"Wardrobe",173.99,347.98
75,2,3,308,"Cookbook",12,36
152,3,4,308,"Jump Starter",44.79,179.16
18,4,1,308,"Camera",415.5,415.5
168,1,3,309,"Apple",16.5,49.5
57,2,2,309,"Puzzle",38.99,77.98
125,1,4,310,"Cufflinks",16.5,66
12,2,4,310,"Dress",57.99,231.96
191,1,1,311,"Baby Clothes",9,9
112,2,1,311,"Football",156,156
157,3,1,311,"Butter",13,13
161,4,4,311,"Eggs",9.79,39.16
31,1,1,312,"Dresser",208.5,208.5
171,2,1,312,"Dog Food",30,30
127,3,2,312,"Sandals",133,266
112,4,5,312,"Football",156,780
92,1,2,313,"Moisturizer",47.79,95.58
8,1,2,314,"Shorts",11.99,23.98
173,2,1,314,"Pet Food Bowl",17.79,17.79
53,3,4,314,"Vacuum Cleaner",117.79,471.16
80,1,1,315,"Poetry Book",15.79,15.79
57,2,4,315,"Puzzle",38.99,155.96
141,3,2,315,"Car Battery",80,160
45,4,5,315,"Air Fryer",120.99,604.95
173,1,4,316,"Pet Food Bowl",17.79,71.16
116,2,1,316,"Cufflinks",90,90
14,3,1,316,"Dress",79,79
104,4,2,316,"Bicycle",183.5,367
199,1,2,317,"Extension Cord",15,30
154,2,7,317,"Car Seat",76.5,535.5
155,3,2,317,"Eggs",18.99,37.98
110,1,1,318,"Basketball",136.79,136.79
151,2,1,318,"Jump Starter",28.99,28.99
134,3,4,318,"Heels",135,540
167,4,2,318,"Cheese",8,16
132,5,2,318,"Running Shoes",117.5,235
191,1,2,319,"Baby Clothes",9,18
145,2,1,319,"Engine Oil",22.79,22.79
43,3,2,319,"Fridge",130.79,261.58
76,4,1,319,"Novel",29.5,29.5
47,1,1,320,"Toaster",105.5,105.5
58,2,3,320,"Action Figure",47,141
91,3,2,320,"Perfume",27.79,55.58
93,4,2,320,"Hair Gel",17.99,35.98
53,5,2,320,"Vacuum Cleaner",117.79,235.58
96,1,2,321,"Shaving Kit",10.99,21.98
142,1,1,322,"Engine Oil",22,22
180,2,1,322,"Pet Toys",38.99,38.99
11,1,1,323,"Jeans",98,98
67,2,2,323,"Doll",36.99,73.98
39,3,1,323,"Dresser",235,235
133,1,2,324,"Sandals",107,214
93,1,1,325,"Hair Gel",17.99,17.99
37,1,2,326,"Bookshelf",143.5,287
104,1,1,327,"Bicycle",183.5,183.5
63,1,2,328,"Puzzle",10.5,21
105,2,1,328,"Tennis Racket",68.79,68.79
49,3,3,328,"Dishwasher",89.79,269.37
66,4,2,328,"Building Blocks",32.79,65.58
80,5,1,328,"Poetry Book",15.79,15.79
54,1,1,329,"Dishwasher",56.99,56.99
20,2,6,329,"TV",358.99,2153.94
75,3,1,329,"Cookbook",12,12
16,4,2,329,"Camera",244.99,489.98
105,1,3,330,"Tennis Racket",68.79,206.37
81,2,6,330,"Poetry Book",25,150
85,3,2,330,"Toothpaste",5.5,11
106,4,2,330,"Tennis Racket",142.5,285
32,1,1,331,"Desk",206.5,206.5
67,2,1,331,"Doll",36.99,36.99
75,1,1,332,"Cookbook",12,12
86,2,4,332,"Perfume",34,136
46,3,2,332,"Bowl",25.5,51
124,1,3,333,"Pendant",94.79,284.37
44,2,1,333,"Fridge",136,136
104,3,2,333,"Bicycle",183.5,367
90,1,1,334,"Lip Balm",16.99,16.99
160,2,3,334,"Banana",17,51
132,3,2,334,"Running Shoes",117.5,235
122,4,1,334,"Ring",27,27
158,1,1,335,"Chicken",4,4
75,1,5,336,"Cookbook",12,60
99,2,1,336,"Bicycle",145.79,145.79
114,3,1,336,"Watch",150.99,150.99
170,1,1,337,"Cat Litter",21.99,21.99
7,2,1,337,"Scarf",52.5,52.5
5,3,4,337,"Scarf",83.5,334
25,1,3,338,"TV",128.79,386.37
13,2,2,338,"Jeans",88.99,177.98
24,3,5,338,"Smartphone",85,425
54,1,1,339,"Dishwasher",56.99,56.99
179,2,3,339,"Leash",24.79,74.37
130,3,5,339,"Sneakers",79,395
200,4,3,339,"Tool Set",51,153
196,1,2,340,"Pacifier",10.79,21.58
66,2,2,340,"Building Blocks",32.79,65.58
77,3,2,340,"Novel",17,34
36,4,2,340,"Chair",26.5,53
132,1,1,341,"Running Shoes",117.5,117.5
193,1,2,342,"Baby Wipes",5.5,11
1,1,4,343,"Skirt",47.79,191.16
65,2,1,343,"Puzzle",33.5,33.5
112,1,3,344,"Football",156,468
99,2,3,344,"Bicycle",145.79,437.37
45,1,3,345,"Air Fryer",120.99,362.97
102,2,1,345,"Camping Tent",146.5,146.5
61,3,2,345,"Lego Set",29.5,59
58,1,3,346,"Action Figure",47,141
91,1,2,347,"Perfume",27.79,55.58
40,2,3,347,"Coffee Table",53.5,160.5
52,3,1,347,"Microwave",45,45
184,1,1,348,"Pacifier",4.99,4.99
55,1,2,349,"Cookware",93.99,187.98
63,1,3,350,"Puzzle",10.5,31.5
39,2,2,350,"Dresser",235,470
196,3,1,350,"Pacifier",10.79,10.79
121,1,1,351,"Charm Bracelet",83.99,83.99
131,2,3,351,"Slippers",138,414
151,3,1,351,"Jump Starter",28.99,28.99
120,4,5,351,"Charm Bracelet",48.79,243.95
165,1,3,352,"Butter",8.99,26.97
50,2,3,352,"Microwave",50.99,152.97
116,3,3,352,"Cufflinks",90,270
69,4,3,352,"Doll",42.79,128.37
193,5,1,352,"Baby Wipes",5.5,5.5
12,1,1,353,"Dress",57.99,57.99
113,2,4,353,"Ring",142,568
64,3,2,353,"Puzzle",41,82
154,4,3,353,"Car Seat",76.5,229.5
125,5,2,353,"Cufflinks",16.5,33
53,1,1,354,"Vacuum Cleaner",117.79,117.79
58,2,2,354,"Action Figure",47,94
196,3,1,354,"Pacifier",10.79,10.79
199,4,6,354,"Extension Cord",15,90
104,1,1,355,"Bicycle",183.5,183.5
99,2,3,355,"Bicycle",145.79,437.37
78,3,2,355,"Novel",25.5,51
176,4,2,355,"Dog Food",31,62
185,5,1,355,"Baby Clothes",7.5,7.5
34,1,1,356,"Desk",219.5,219.5
143,1,1,357,"Car Seat",29.99,29.99
52,2,3,357,"Microwave",45,135
78,1,1,358,"Novel",25.5,25.5
150,2,1,358,"Car Seat",49.79,49.79
94,3,2,358,"Conditioner",37,74
46,4,5,358,"Bowl",25.5,127.5
144,1,1,359,"Tire",99.5,99.5
194,1,3,360,"Baby Monitor",10.5,31.5
140,2,1,360,"Heels",129,129
156,3,2,360,"Banana",20.79,41.58
90,4,3,360,"Lip Balm",16.99,50.97
148,5,1,360,"Car Battery",86,86
171,1,2,361,"Dog Food",30,60
94,2,4,361,"Conditioner",37,148
53,3,2,361,"Vacuum Cleaner",117.79,235.58
160,4,2,361,"Banana",17,34
195,1,1,362,"Baby Stroller",6,6
137,2,4,362,"Dress Shoes",56,224
168,3,1,362,"Apple",16.5,16.5
137,1,1,363,"Dress Shoes",56,56
90,2,1,363,"Lip Balm",16.99,16.99
132,1,2,364,"Running Shoes",117.5,235
85,2,3,364,"Toothpaste",5.5,16.5
121,3,1,364,"Charm Bracelet",83.99,83.99
81,4,3,364,"Poetry Book",25,75
109,1,1,365,"Camping Tent",158.79,158.79
196,2,4,365,"Pacifier",10.79,43.16
120,3,1,365,"Charm Bracelet",48.79,48.79
17,1,4,366,"Tablet",457.5,1830
13,2,1,366,"Jeans",88.99,88.99
22,3,1,366,"Camera",92,92
171,4,1,366,"Dog Food",30,30
78,5,2,366,"Novel",25.5,51
162,1,3,367,"Eggs",2.5,7.5
85,2,4,367,"Toothpaste",5.5,22
73,1,1,368,"Magazine",20.79,20.79
115,2,1,368,"Ankle Bracelet",136.79,136.79
20,3,1,368,"TV",358.99,358.99
27,4,1,368,"TV",96.79,96.79
29,5,1,368,"Desk",53.99,53.99
34,1,2,369,"Desk",219.5,439
33,2,1,369,"Armchair",208.5,208.5
196,1,6,370,"Pacifier",10.79,64.74
140,2,1,370,"Heels",129,129
193,3,3,370,"Baby Wipes",5.5,16.5
180,4,3,370,"Pet Toys",38.99,116.97
138,1,1,371,"Slippers",85.5,85.5
30,2,3,371,"Coffee Table",225.5,676.5
5,3,1,371,"Scarf",83.5,83.5
180,1,3,372,"Pet Toys",38.99,116.97
96,2,2,372,"Shaving Kit",10.99,21.98
107,1,2,373,"Camping Tent",164.5,329
86,2,1,373,"Perfume",34,34
99,3,2,373,"Bicycle",145.79,291.58
13,4,1,373,"Jeans",88.99,88.99
123,5,1,373,"Earrings",41.99,41.99
198,1,2,374,"Paintbrush",76.79,153.58
102,2,4,374,"Camping Tent",146.5,586
162,3,1,374,"Eggs",2.5,2.5
193,4,3,374,"Baby Wipes",5.5,16.5
57,1,2,375,"Puzzle",38.99,77.98
168,2,2,375,"Apple",16.5,33
122,1,3,376,"Ring",27,81
184,2,6,376,"Pacifier",4.99,29.94
176,1,1,377,"Dog Food",31,31
73,2,2,377,"Magazine",20.79,41.58
14,3,3,377,"Dress",79,237
79,1,3,378,"Magazine",16.99,50.97
84,2,2,378,"Cookbook",21.99,43.98
97,1,1,379,"Toothpaste",6,6
111,1,3,380,"Sleeping Bag",46.79,140.37
186,2,1,380,"Baby Lotion",9.99,9.99
156,3,1,380,"Banana",20.79,20.79
129,4,1,380,"Loafers",24.99,24.99
69,5,1,380,"Doll",42.79,42.79
163,1,3,381,"Chicken",16.99,50.97
37,2,4,381,"Bookshelf",143.5,574
197,3,2,381,"Drill",53,106
132,4,1,381,"Running Shoes",117.5,117.5
152,1,2,382,"Jump Starter",44.79,89.58
174,2,1,382,"Cat Litter",22.79,22.79
88,3,1,382,"Shaving Kit",39.99,39.99
169,4,2,382,"Pet Toys",25,50
12,1,1,383,"Dress",57.99,57.99
181,2,1,383,"Pet Toys",49,49
39,3,2,383,"Dresser",235,470
193,4,3,383,"Baby Wipes",5.5,16.5
62,1,3,384,"Building Blocks",38.99,116.97
141,2,3,384,"Car Battery",80,240
42,1,3,385,"Sofa",59.99,179.97
81,2,2,385,"Poetry Book",25,50
57,3,3,385,"Puzzle",38.99,116.97
122,1,1,386,"Ring",27,27
133,2,2,386,"Sandals",107,214
136,3,1,386,"Sneakers",120.5,120.5
143,1,2,387,"Car Seat",29.99,59.98
108,2,3,387,"Tennis Racket",184.79,554.37
150,3,4,387,"Car Seat",49.79,199.16
165,4,3,387,"Butter",8.99,26.97
174,1,3,388,"Cat Litter",22.79,68.37
47,2,1,388,"Toaster",105.5,105.5
142,3,2,388,"Engine Oil",22,44
161,4,1,388,"Eggs",9.79,9.79
88,5,2,388,"Shaving Kit",39.99,79.98
194,1,1,389,"Baby Monitor",10.5,10.5
60,1,1,390,"Toy Car",22.79,22.79
106,2,1,390,"Tennis Racket",142.5,142.5
85,3,3,390,"Toothpaste",5.5,16.5
144,4,2,390,"Tire",99.5,199
31,5,3,390,"Dresser",208.5,625.5
200,1,3,391,"Tool Set",51,153
69,2,1,391,"Doll",42.79,42.79
77,3,1,391,"Novel",17,17
138,1,3,392,"Slippers",85.5,256.5
100,1,1,393,"Soccer Ball",102,102
69,2,2,393,"Doll",42.79,85.58
28,3,2,393,"Laptop",181.5,363
131,4,1,393,"Slippers",138,138
42,5,3,393,"Sofa",59.99,179.97
37,1,1,394,"Bookshelf",143.5,143.5
19,2,1,394,"Smartwatch",356.99,356.99
105,1,1,395,"Tennis Racket",68.79,68.79
133,2,4,395,"Sandals",107,428
33,3,1,395,"Armchair",208.5,208.5
159,4,3,395,"Milk",17.5,52.5
29,1,1,396,"Desk",53.99,53.99
132,1,2,397,"Running Shoes",117.5,235
69,2,1,397,"Doll",42.79,42.79
106,3,3,397,"Tennis Racket",142.5,427.5
122,1,2,398,"Ring",27,54
57,2,2,398,"Puzzle",38.99,77.98
113,3,4,398,"Ring",142,568
132,4,1,398,"Running Shoes",117.5,117.5
91,5,3,398,"Perfume",27.79,83.37
166,1,1,399,"Banana",15.5,15.5
190,2,3,399,"Pacifier",8.79,26.37
34,1,1,400,"Desk",219.5,219.5
55,2,1,400,"Cookware",93.99,93.99
22,3,2,400,"Camera",92,184
128,1,5,401,"Boots",56.99,284.95
134,2,1,401,"Heels",135,135
19,3,1,401,"Smartwatch",356.99,356.99
57,4,3,401,"Puzzle",38.99,116.97
76,1,3,402,"Novel",29.5,88.5
137,2,2,402,"Dress Shoes",56,112
96,3,2,402,"Shaving Kit",10.99,21.98
31,4,1,402,"Dresser",208.5,208.5
128,5,1,402,"Boots",56.99,56.99
46,1,2,403,"Bowl",25.5,51
28,2,3,403,"Laptop",181.5,544.5
182,1,2,404,"Leash",35,70
49,2,2,404,"Dishwasher",89.79,179.58
89,1,2,405,"Perfume",19.5,39
52,2,2,405,"Microwave",45,90
113,3,4,405,"Ring",142,568
89,4,1,405,"Perfume",19.5,19.5
108,1,3,406,"Tennis Racket",184.79,554.37
135,2,1,406,"Sneakers",48.5,48.5
54,1,1,407,"Dishwasher",56.99,56.99
182,2,3,407,"Leash",35,105
97,3,2,407,"Toothpaste",6,12
15,4,3,407,"Speaker",104,312
84,1,3,408,"Cookbook",21.99,65.97
148,2,1,408,"Car Battery",86,86
106,1,2,409,"Tennis Racket",142.5,285
1,1,1,410,"Skirt",47.79,47.79
144,1,1,411,"Tire",99.5,99.5
190,2,1,411,"Pacifier",8.79,8.79
96,3,1,411,"Shaving Kit",10.99,10.99
188,4,3,411,"Pacifier",6.99,20.97
73,1,1,412,"Magazine",20.79,20.79
76,2,2,412,"Novel",29.5,59
99,3,1,412,"Bicycle",145.79,145.79
186,4,1,412,"Baby Lotion",9.99,9.99
3,5,4,412,"Shorts",25.99,103.96
70,1,2,413,"Building Blocks",39.99,79.98
85,2,2,413,"Toothpaste",5.5,11
98,3,2,413,"Moisturizer",6.5,13
31,4,3,413,"Dresser",208.5,625.5
105,1,1,414,"Tennis Racket",68.79,68.79
88,2,4,414,"Shaving Kit",39.99,159.96
143,3,5,414,"Car Seat",29.99,149.95
54,4,1,414,"Dishwasher",56.99,56.99
65,5,2,414,"Puzzle",33.5,67
33,1,2,415,"Armchair",208.5,417
171,2,4,415,"Dog Food",30,120
151,1,4,416,"Jump Starter",28.99,115.96
6,2,2,416,"Sweater",98.5,197
118,3,1,416,"Ankle Bracelet",154.5,154.5
9,4,2,416,"Shoes",26.5,53
13,1,3,417,"Jeans",88.99,266.97
192,2,7,417,"Baby Bottle",7,49
173,3,3,417,"Pet Food Bowl",17.79,53.37
105,4,2,417,"Tennis Racket",68.79,137.58
168,5,4,417,"Apple",16.5,66
40,1,1,418,"Coffee Table",53.5,53.5
141,1,1,419,"Car Battery",80,80
9,2,2,419,"Shoes",26.5,53
184,3,1,419,"Pacifier",4.99,4.99
197,4,1,419,"Drill",53,53
164,5,2,419,"Bread",18.99,37.98
22,1,1,420,"Camera",92,92
1,2,1,420,"Skirt",47.79,47.79
77,1,5,421,"Novel",17,85
74,2,2,421,"Biography",24.5,49
4,3,1,421,"Jacket",82.99,82.99
92,1,1,422,"Moisturizer",47.79,47.79
103,2,1,422,"Football",163.79,163.79
177,3,1,422,"Pet Toys",48,48
25,1,1,423,"TV",128.79,128.79
195,2,2,423,"Baby Stroller",6,12
25,3,1,423,"TV",128.79,128.79
24,1,1,424,"Smartphone",85,85
57,2,1,424,"Puzzle",38.99,38.99
148,3,1,424,"Car Battery",86,86
51,1,2,425,"Vacuum Cleaner",29.79,59.58
52,2,3,425,"Microwave",45,135
30,3,4,425,"Coffee Table",225.5,902
88,4,2,425,"Shaving Kit",39.99,79.98
6,1,3,426,"Sweater",98.5,295.5
182,2,1,426,"Leash",35,35
60,3,5,426,"Toy Car",22.79,113.95
64,4,3,426,"Puzzle",41,123
25,1,2,427,"TV",128.79,257.58
94,1,3,428,"Conditioner",37,111
78,1,1,429,"Novel",25.5,25.5
17,2,5,429,"Tablet",457.5,2287.5
187,1,1,430,"Baby Clothes",5.5,5.5
119,2,3,430,"Watch",118.5,355.5
16,3,1,430,"Camera",244.99,244.99
170,4,1,430,"Cat Litter",21.99,21.99
124,1,6,431,"Pendant",94.79,568.74
90,2,1,431,"Lip Balm",16.99,16.99
162,3,1,431,"Eggs",2.5,2.5
175,4,1,431,"Dog Food",27.99,27.99
188,1,1,432,"Pacifier",6.99,6.99
188,2,1,432,"Pacifier",6.99,6.99
82,3,5,432,"Novel",6.5,32.5
155,4,2,432,"Eggs",18.99,37.98
78,5,2,432,"Novel",25.5,51
102,1,3,433,"Camping Tent",146.5,439.5
153,1,3,434,"Jump Starter",26.79,80.37
113,2,1,434,"Ring",142,142
148,3,3,434,"Car Battery",86,258
176,1,2,435,"Dog Food",31,62
16,2,1,435,"Camera",244.99,244.99
76,3,1,435,"Novel",29.5,29.5
182,1,1,436,"Leash",35,35
100,2,2,436,"Soccer Ball",102,204
36,3,2,436,"Chair",26.5,53
151,4,1,436,"Jump Starter",28.99,28.99
9,1,1,437,"Shoes",26.5,26.5
158,1,5,438,"Chicken",4,20
35,2,2,438,"Coffee Table",227.79,455.58
102,1,1,439,"Camping Tent",146.5,146.5
167,2,1,439,"Cheese",8,8
192,1,3,440,"Baby Bottle",7,21
80,2,2,440,"Poetry Book",15.79,31.58
100,3,2,440,"Soccer Ball",102,204
81,4,1,440,"Poetry Book",25,25
44,5,3,440,"Fridge",136,408
34,1,4,441,"Desk",219.5,878
109,2,4,441,"Camping Tent",158.79,635.16
76,3,1,441,"Novel",29.5,29.5
71,1,2,442,"Biography",16.5,33
93,2,2,442,"Hair Gel",17.99,35.98
37,1,3,443,"Bookshelf",143.5,430.5
195,2,5,443,"Baby Stroller",6,30
128,3,1,443,"Boots",56.99,56.99
189,4,1,443,"Diapers",6.79,6.79
105,5,3,443,"Tennis Racket",68.79,206.37
155,1,1,444,"Eggs",18.99,18.99
154,2,1,444,"Car Seat",76.5,76.5
49,3,1,444,"Dishwasher",89.79,89.79
48,4,2,444,"Bowl",133.5,267
56,1,1,445,"Vacuum Cleaner",137.5,137.5
108,2,2,445,"Tennis Racket",184.79,369.58
103,3,1,445,"Football",163.79,163.79
114,1,1,446,"Watch",150.99,150.99
27,2,1,446,"TV",96.79,96.79
40,1,1,447,"Coffee Table",53.5,53.5
169,2,1,447,"Pet Toys",25,25
111,1,1,448,"Sleeping Bag",46.79,46.79
25,2,3,448,"TV",128.79,386.37
147,3,4,448,"Engine Oil",84.5,338
81,4,4,448,"Poetry Book",25,100
92,1,1,449,"Moisturizer",47.79,47.79
180,2,2,449,"Pet Toys",38.99,77.98
64,3,3,449,"Puzzle",41,123
67,4,3,449,"Doll",36.99,110.97
141,5,3,449,"Car Battery",80,240
199,1,1,450,"Extension Cord",15,15
76,2,1,450,"Novel",29.5,29.5
192,3,1,450,"Baby Bottle",7,7
117,4,3,450,"Ring",99,297
65,5,1,450,"Puzzle",33.5,33.5
75,1,5,451,"Cookbook",12,60
24,2,1,451,"Smartphone",85,85
27,3,5,451,"TV",96.79,483.95
44,4,1,451,"Fridge",136,136
178,5,2,451,"Collar",9.99,19.98
11,1,2,452,"Jeans",98,196
80,1,3,453,"Poetry Book",15.79,47.37
176,2,6,453,"Dog Food",31,186
99,1,1,454,"Bicycle",145.79,145.79
58,1,3,455,"Action Figure",47,141
124,2,2,455,"Pendant",94.79,189.58
37,1,1,456,"Bookshelf",143.5,143.5
193,1,3,457,"Baby Wipes",5.5,16.5
184,2,3,457,"Pacifier",4.99,14.97
86,3,2,457,"Perfume",34,68
102,4,2,457,"Camping Tent",146.5,293
136,1,6,458,"Sneakers",120.5,723
83,2,2,458,"Children's Book",22.99,45.98
84,3,4,458,"Cookbook",21.99,87.96
21,4,1,458,"Speaker",190,190
177,5,2,458,"Pet Toys",48,96
82,1,1,459,"Novel",6.5,6.5
167,2,1,459,"Cheese",8,8
121,3,4,459,"Charm Bracelet",83.99,335.96
95,4,5,459,"Conditioner",34.99,174.95
46,1,2,460,"Bowl",25.5,51
173,2,4,460,"Pet Food Bowl",17.79,71.16
73,3,2,460,"Magazine",20.79,41.58
182,1,1,461,"Leash",35,35
46,1,1,462,"Bowl",25.5,25.5
32,2,2,462,"Desk",206.5,413
7,1,1,463,"Scarf",52.5,52.5
180,2,1,463,"Pet Toys",38.99,38.99
170,3,1,463,"Cat Litter",21.99,21.99
139,4,2,463,"Slippers",149,298
132,5,1,463,"Running Shoes",117.5,117.5
60,1,1,464,"Toy Car",22.79,22.79
86,2,3,464,"Perfume",34,102
138,3,1,464,"Slippers",85.5,85.5
131,1,3,465,"Slippers",138,414
126,2,1,465,"Ankle Bracelet",18.79,18.79
107,1,2,466,"Camping Tent",164.5,329
66,2,4,466,"Building Blocks",32.79,131.16
38,3,1,466,"Wardrobe",173.99,173.99
126,4,1,466,"Ankle Bracelet",18.79,18.79
173,5,1,466,"Pet Food Bowl",17.79,17.79
65,1,3,467,"Puzzle",33.5,100.5
58,2,2,467,"Action Figure",47,94
30,3,3,467,"Coffee Table",225.5,676.5
87,4,3,467,"Nail Polish",5,15
176,5,1,467,"Dog Food",31,31
126,1,1,468,"Ankle Bracelet",18.79,18.79
47,2,1,468,"Toaster",105.5,105.5
156,1,4,469,"Banana",20.79,83.16
12,2,2,469,"Dress",57.99,115.98
126,3,1,469,"Ankle Bracelet",18.79,18.79
159,4,3,469,"Milk",17.5,52.5
94,5,3,469,"Conditioner",37,111
72,1,1,470,"Sci-Fi Book",27.79,27.79
60,2,1,470,"Toy Car",22.79,22.79
109,3,1,470,"Camping Tent",158.79,158.79
11,1,1,471,"Jeans",98,98
165,2,2,471,"Butter",8.99,17.98
183,3,1,471,"Pacifier",5.99,5.99
145,4,1,471,"Engine Oil",22.79,22.79
89,1,3,472,"Perfume",19.5,58.5
128,1,1,473,"Boots",56.99,56.99
117,2,3,473,"Ring",99,297
137,3,3,473,"Dress Shoes",56,168
32,1,1,474,"Desk",206.5,206.5
109,2,1,474,"Camping Tent",158.79,158.79
34,1,1,475,"Desk",219.5,219.5
133,2,3,475,"Sandals",107,321
95,3,4,475,"Conditioner",34.99,139.96
170,4,2,475,"Cat Litter",21.99,43.98
152,1,1,476,"Jump Starter",44.79,44.79
196,2,1,476,"Pacifier",10.79,10.79
33,3,3,476,"Armchair",208.5,625.5
158,4,2,476,"Chicken",4,8
26,5,3,476,"Mouse",381,1143
175,1,2,477,"Dog Food",27.99,55.98
164,2,2,477,"Bread",18.99,37.98
161,3,1,477,"Eggs",9.79,9.79
187,4,2,477,"Baby Clothes",5.5,11
51,1,3,478,"Vacuum Cleaner",29.79,89.37
166,2,1,478,"Banana",15.5,15.5
121,3,1,478,"Charm Bracelet",83.99,83.99
34,4,1,478,"Desk",219.5,219.5
95,5,1,478,"Conditioner",34.99,34.99
76,1,1,479,"Novel",29.5,29.5
186,1,2,480,"Baby Lotion",9.99,19.98
92,2,1,480,"Moisturizer",47.79,47.79
120,3,1,480,"Charm Bracelet",48.79,48.79
87,4,2,480,"Nail Polish",5,10
67,5,1,480,"Doll",36.99,36.99
9,1,2,481,"Shoes",26.5,53
94,2,2,481,"Conditioner",37,74
157,1,2,482,"Butter",13,26
105,2,3,482,"Tennis Racket",68.79,206.37
95,3,6,482,"Conditioner",34.99,209.94
154,4,2,482,"Car Seat",76.5,153
178,1,4,483,"Collar",9.99,39.96
111,2,2,483,"Sleeping Bag",46.79,93.58
118,3,1,483,"Ankle Bracelet",154.5,154.5
47,4,1,483,"Toaster",105.5,105.5
108,5,2,483,"Tennis Racket",184.79,369.58
161,1,1,484,"Eggs",9.79,9.79
15,2,1,484,"Speaker",104,104
138,1,1,485,"Slippers",85.5,85.5
135,2,2,485,"Sneakers",48.5,97
81,1,1,486,"Poetry Book",25,25
116,2,2,486,"Cufflinks",90,180
84,3,1,486,"Cookbook",21.99,21.99
73,1,4,487,"Magazine",20.79,83.16
181,2,4,487,"Pet Toys",49,196
171,3,1,487,"Dog Food",30,30
68,4,1,487,"Lego Set",25.5,25.5
52,1,2,488,"Microwave",45,90
37,2,1,488,"Bookshelf",143.5,143.5
18,3,2,488,"Camera",415.5,831
153,4,3,488,"Jump Starter",26.79,80.37
23,1,2,489,"Speaker",456.99,913.98
37,1,2,490,"Bookshelf",143.5,287
114,2,3,490,"Watch",150.99,452.97
138,3,6,490,"Slippers",85.5,513
1,4,2,490,"Skirt",47.79,95.58
12,5,5,490,"Dress",57.99,289.95
192,1,2,491,"Baby Bottle",7,14
80,1,3,492,"Poetry Book",15.79,47.37
197,1,2,493,"Drill",53,106
14,2,1,493,"Dress",79,79
87,1,1,494,"Nail Polish",5,5
157,2,3,494,"Butter",13,39
47,1,1,495,"Toaster",105.5,105.5
184,2,1,495,"Pacifier",4.99,4.99
156,3,4,495,"Banana",20.79,83.16
157,4,1,495,"Butter",13,13
65,1,2,496,"Puzzle",33.5,67
138,2,1,496,"Slippers",85.5,85.5
146,3,1,496,"Car Wax",63.5,63.5
117,4,3,496,"Ring",99,297
193,1,3,497,"Baby Wipes",5.5,16.5
30,1,2,498,"Coffee Table",225.5,451
107,2,2,498,"Camping Tent",164.5,329
139,3,2,498,"Slippers",149,298
53,1,3,499,"Vacuum Cleaner",117.79,353.37
173,2,3,499,"Pet Food Bowl",17.79,53.37
179,3,2,499,"Leash",24.79,49.58
16,4,3,499,"Camera",244.99,734.97
76,1,3,500,"Novel",29.5,88.5
71,2,5,500,"Biography",16.5,82.5
99,3,3,500,"Bicycle",145.79,437.37
12,4,1,500,"Dress",57.99,57.99
102,1,4,501,"Camping Tent",146.5,586
16,1,1,502,"Camera",244.99,244.99
81,2,1,502,"Poetry Book",25,25
4,3,2,502,"Jacket",82.99,165.98
194,4,2,502,"Baby Monitor",10.5,21
167,5,3,502,"Cheese",8,24
140,1,1,503,"Heels",129,129
66,1,3,504,"Building Blocks",32.79,98.37
165,2,2,504,"Butter",8.99,17.98
149,3,2,504,"Headlights",88,176
8,1,3,505,"Shorts",11.99,35.97
99,2,2,505,"Bicycle",145.79,291.58
99,1,2,506,"Bicycle",145.79,291.58
91,2,2,506,"Perfume",27.79,55.58
66,3,1,506,"Building Blocks",32.79,32.79
8,4,1,506,"Shorts",11.99,11.99
130,1,4,507,"Sneakers",79,316
74,2,3,507,"Biography",24.5,73.5
70,3,1,507,"Building Blocks",39.99,39.99
74,4,1,507,"Biography",24.5,24.5
33,1,1,508,"Armchair",208.5,208.5
195,2,1,508,"Baby Stroller",6,6
27,1,2,509,"TV",96.79,193.58
2,2,2,509,"Scarf",12.79,25.58
172,3,1,509,"Cat Litter",22,22
68,4,1,509,"Lego Set",25.5,25.5
101,1,2,510,"Soccer Ball",194.79,389.58
99,2,1,510,"Bicycle",145.79,145.79
150,3,1,510,"Car Seat",49.79,49.79
35,4,5,510,"Coffee Table",227.79,1138.95
7,5,1,510,"Scarf",52.5,52.5
118,1,2,511,"Ankle Bracelet",154.5,309
34,2,1,511,"Desk",219.5,219.5
67,1,1,512,"Doll",36.99,36.99
116,2,1,512,"Cufflinks",90,90
115,3,4,512,"Ankle Bracelet",136.79,547.16
98,1,2,513,"Moisturizer",6.5,13
152,2,2,513,"Jump Starter",44.79,89.58
9,3,3,513,"Shoes",26.5,79.5
43,1,2,514,"Fridge",130.79,261.58
129,2,2,514,"Loafers",24.99,49.98
28,1,1,515,"Laptop",181.5,181.5
105,2,2,515,"Tennis Racket",68.79,137.58
26,3,3,515,"Mouse",381,1143
117,4,2,515,"Ring",99,198
99,1,2,516,"Bicycle",145.79,291.58
192,2,2,516,"Baby Bottle",7,14
28,3,1,516,"Laptop",181.5,181.5
84,4,3,516,"Cookbook",21.99,65.97
180,1,1,517,"Pet Toys",38.99,38.99
60,2,2,517,"Toy Car",22.79,45.58
109,3,1,517,"Camping Tent",158.79,158.79
113,4,3,517,"Ring",142,426
166,5,1,517,"Banana",15.5,15.5
179,1,2,518,"Leash",24.79,49.58
118,1,2,519,"Ankle Bracelet",154.5,309
112,2,1,519,"Football",156,156
125,3,1,519,"Cufflinks",16.5,16.5
124,1,3,520,"Pendant",94.79,284.37
131,2,1,520,"Slippers",138,138
187,3,3,520,"Baby Clothes",5.5,16.5
122,4,3,520,"Ring",27,81
82,1,2,521,"Novel",6.5,13
115,2,2,521,"Ankle Bracelet",136.79,273.58
52,1,2,522,"Microwave",45,90
157,2,1,522,"Butter",13,13
98,1,1,523,"Moisturizer",6.5,6.5
33,2,2,523,"Armchair",208.5,417
43,3,2,523,"Fridge",130.79,261.58
142,4,1,523,"Engine Oil",22,22
21,5,1,523,"Speaker",190,190
145,1,1,524,"Engine Oil",22.79,22.79
87,2,1,524,"Nail Polish",5,5
104,1,2,525,"Bicycle",183.5,367
183,2,2,525,"Pacifier",5.99,11.98
35,3,2,525,"Coffee Table",227.79,455.58
184,1,3,526,"Pacifier",4.99,14.97
178,1,1,527,"Collar",9.99,9.99
199,2,2,527,"Extension Cord",15,30
76,3,3,527,"Novel",29.5,88.5
70,4,1,527,"Building Blocks",39.99,39.99
156,5,2,527,"Banana",20.79,41.58
181,1,1,528,"Pet Toys",49,49
59,2,2,528,"Puzzle",7.99,15.98
112,3,2,528,"Football",156,312
135,1,3,529,"Sneakers",48.5,145.5
113,2,1,529,"Ring",142,142
34,3,2,529,"Desk",219.5,439
151,4,1,529,"Jump Starter",28.99,28.99
61,5,1,529,"Lego Set",29.5,29.5
74,1,2,530,"Biography",24.5,49
88,1,4,531,"Shaving Kit",39.99,159.96
12,1,1,532,"Dress",57.99,57.99
63,2,2,532,"Puzzle",10.5,21
135,1,2,533,"Sneakers",48.5,97
178,2,2,533,"Collar",9.99,19.98
166,1,1,534,"Banana",15.5,15.5
33,2,3,534,"Armchair",208.5,625.5
47,1,3,535,"Toaster",105.5,316.5
138,2,1,535,"Slippers",85.5,85.5
18,3,1,535,"Camera",415.5,415.5
142,4,2,535,"Engine Oil",22,44
186,5,2,535,"Baby Lotion",9.99,19.98
117,1,4,536,"Ring",99,396
136,2,1,536,"Sneakers",120.5,120.5
45,3,1,536,"Air Fryer",120.99,120.99
65,4,2,536,"Puzzle",33.5,67
101,5,1,536,"Soccer Ball",194.79,194.79
149,1,2,537,"Headlights",88,176
53,1,1,538,"Vacuum Cleaner",117.79,117.79
162,2,1,538,"Eggs",2.5,2.5
166,3,2,538,"Banana",15.5,31
37,4,6,538,"Bookshelf",143.5,861
81,1,1,539,"Poetry Book",25,25
166,2,2,539,"Banana",15.5,31
168,3,1,539,"Apple",16.5,16.5
153,1,3,540,"Jump Starter",26.79,80.37
3,2,1,540,"Shorts",25.99,25.99
9,1,3,541,"Shoes",26.5,79.5
123,2,3,541,"Earrings",41.99,125.97
25,3,3,541,"TV",128.79,386.37
10,4,2,541,"T-shirt",68.79,137.58
7,1,3,542,"Scarf",52.5,157.5
49,2,3,542,"Dishwasher",89.79,269.37
87,3,1,542,"Nail Polish",5,5
87,1,5,543,"Nail Polish",5,25
53,2,1,543,"Vacuum Cleaner",117.79,117.79
85,3,3,543,"Toothpaste",5.5,16.5
164,4,2,543,"Bread",18.99,37.98
165,1,2,544,"Butter",8.99,17.98
148,2,1,544,"Car Battery",86,86
80,1,3,545,"Poetry Book",15.79,47.37
159,2,4,545,"Milk",17.5,70
36,1,2,546,"Chair",26.5,53
60,1,1,547,"Toy Car",22.79,22.79
169,2,1,547,"Pet Toys",25,25
51,3,1,547,"Vacuum Cleaner",29.79,29.79
63,1,5,548,"Puzzle",10.5,52.5
36,2,1,548,"Chair",26.5,26.5
172,3,2,548,"Cat Litter",22,44
34,1,2,549,"Desk",219.5,439
167,2,2,549,"Cheese",8,16
134,3,3,549,"Heels",135,405
190,1,2,550,"Pacifier",8.79,17.58
180,2,3,550,"Pet Toys",38.99,116.97
164,3,1,550,"Bread",18.99,18.99
31,4,1,550,"Dresser",208.5,208.5
145,5,2,550,"Engine Oil",22.79,45.58
169,1,1,551,"Pet Toys",25,25
142,2,2,551,"Engine Oil",22,44
178,3,1,551,"Collar",9.99,9.99
132,4,1,551,"Running Shoes",117.5,117.5
113,1,3,552,"Ring",142,426
153,1,5,553,"Jump Starter",26.79,133.95
55,2,2,553,"Cookware",93.99,187.98
147,3,1,553,"Engine Oil",84.5,84.5
8,4,1,553,"Shorts",11.99,11.99
123,5,4,553,"Earrings",41.99,167.96
147,1,5,554,"Engine Oil",84.5,422.5
75,2,6,554,"Cookbook",12,72
123,1,5,555,"Earrings",41.99,209.95
77,2,2,555,"Novel",17,34
75,3,6,555,"Cookbook",12,72
125,1,2,556,"Cufflinks",16.5,33
181,2,3,556,"Pet Toys",49,147
5,1,1,557,"Scarf",83.5,83.5
51,2,1,557,"Vacuum Cleaner",29.79,29.79
56,3,2,557,"Vacuum Cleaner",137.5,275
139,4,1,557,"Slippers",149,149
158,1,1,558,"Chicken",4,4
159,2,3,558,"Milk",17.5,52.5
45,3,1,558,"Air Fryer",120.99,120.99
79,1,3,559,"Magazine",16.99,50.97
185,2,1,559,"Baby Clothes",7.5,7.5
11,3,1,559,"Jeans",98,98
197,4,2,559,"Drill",53,106
189,1,1,560,"Diapers",6.79,6.79
151,1,1,561,"Jump Starter",28.99,28.99
52,2,4,561,"Microwave",45,180
179,3,4,561,"Leash",24.79,99.16
200,1,2,562,"Tool Set",51,102
133,2,5,562,"Sandals",107,535
30,3,1,562,"Coffee Table",225.5,225.5
145,4,1,562,"Engine Oil",22.79,22.79
137,1,2,563,"Dress Shoes",56,112
76,2,4,563,"Novel",29.5,118
72,3,7,563,"Sci-Fi Book",27.79,194.53
17,1,1,564,"Tablet",457.5,457.5
7,2,1,564,"Scarf",52.5,52.5
134,3,2,564,"Heels",135,270
10,4,1,564,"T-shirt",68.79,68.79
194,5,1,564,"Baby Monitor",10.5,10.5
74,1,1,565,"Biography",24.5,24.5
181,2,5,565,"Pet Toys",49,245
49,3,1,565,"Dishwasher",89.79,89.79
106,1,2,566,"Tennis Racket",142.5,285
86,1,1,567,"Perfume",34,34
173,1,4,568,"Pet Food Bowl",17.79,71.16
60,2,3,568,"Toy Car",22.79,68.37
136,3,4,568,"Sneakers",120.5,482
21,4,1,568,"Speaker",190,190
3,5,1,568,"Shorts",25.99,25.99
78,1,2,569,"Novel",25.5,51
124,2,1,569,"Pendant",94.79,94.79
180,1,1,570,"Pet Toys",38.99,38.99
67,2,1,570,"Doll",36.99,36.99
178,3,4,570,"Collar",9.99,39.96
75,1,3,571,"Cookbook",12,36
116,2,3,571,"Cufflinks",90,270
98,3,1,571,"Moisturizer",6.5,6.5
149,4,1,571,"Headlights",88,88
46,5,1,571,"Bowl",25.5,25.5
198,1,1,572,"Paintbrush",76.79,76.79
170,2,2,572,"Cat Litter",21.99,43.98
119,3,1,572,"Watch",118.5,118.5
104,1,4,573,"Bicycle",183.5,734
194,1,5,574,"Baby Monitor",10.5,52.5
152,1,2,575,"Jump Starter",44.79,89.58
5,2,3,575,"Scarf",83.5,250.5
86,3,3,575,"Perfume",34,102
30,4,4,575,"Coffee Table",225.5,902
87,5,1,575,"Nail Polish",5,5
40,1,2,576,"Coffee Table",53.5,107
156,2,1,576,"Banana",20.79,20.79
119,3,4,576,"Watch",118.5,474
198,1,1,577,"Paintbrush",76.79,76.79
7,2,1,577,"Scarf",52.5,52.5
30,3,1,577,"Coffee Table",225.5,225.5
139,4,2,577,"Slippers",149,298
23,5,4,577,"Speaker",456.99,1827.96
174,1,1,578,"Cat Litter",22.79,22.79
174,2,1,578,"Cat Litter",22.79,22.79
116,1,2,579,"Cufflinks",90,180
35,1,1,580,"Coffee Table",227.79,227.79
15,2,2,580,"Speaker",104,208
132,3,1,580,"Running Shoes",117.5,117.5
4,4,1,580,"Jacket",82.99,82.99
27,1,1,581,"TV",96.79,96.79
23,2,4,581,"Speaker",456.99,1827.96
74,1,4,582,"Biography",24.5,98
17,2,1,582,"Tablet",457.5,457.5
97,3,5,582,"Toothpaste",6,30
36,4,1,582,"Chair",26.5,26.5
40,1,4,583,"Coffee Table",53.5,214
127,2,2,583,"Sandals",133,266
187,3,2,583,"Baby Clothes",5.5,11
30,1,2,584,"Coffee Table",225.5,451
72,2,1,584,"Sci-Fi Book",27.79,27.79
168,3,1,584,"Apple",16.5,16.5
155,4,1,584,"Eggs",18.99,18.99
13,5,4,584,"Jeans",88.99,355.96
183,1,1,585,"Pacifier",5.99,5.99
1,2,1,585,"Skirt",47.79,47.79
180,1,2,586,"Pet Toys",38.99,77.98
193,1,4,587,"Baby Wipes",5.5,22
54,2,1,587,"Dishwasher",56.99,56.99
39,1,1,588,"Dresser",235,235
115,1,4,589,"Ankle Bracelet",136.79,547.16
145,2,2,589,"Engine Oil",22.79,45.58
171,3,1,589,"Dog Food",30,30
131,1,2,590,"Slippers",138,276
190,2,5,590,"Pacifier",8.79,43.95
111,1,2,591,"Sleeping Bag",46.79,93.58
31,2,1,591,"Dresser",208.5,208.5
85,3,1,591,"Toothpaste",5.5,5.5
104,4,3,591,"Bicycle",183.5,550.5
35,1,1,592,"Coffee Table",227.79,227.79
66,1,2,593,"Building Blocks",32.79,65.58
4,2,5,593,"Jacket",82.99,414.95
150,3,4,593,"Car Seat",49.79,199.16
156,1,3,594,"Banana",20.79,62.37
153,2,1,594,"Jump Starter",26.79,26.79
171,3,3,594,"Dog Food",30,90
101,1,3,595,"Soccer Ball",194.79,584.37
95,2,2,595,"Conditioner",34.99,69.98
104,3,2,595,"Bicycle",183.5,367
84,1,1,596,"Cookbook",21.99,21.99
30,2,4,596,"Coffee Table",225.5,902
191,3,4,596,"Baby Clothes",9,36
66,1,1,597,"Building Blocks",32.79,32.79
33,1,3,598,"Armchair",208.5,625.5
189,2,1,598,"Diapers",6.79,6.79
200,3,1,598,"Tool Set",51,51
183,1,3,599,"Pacifier",5.99,17.97
108,2,3,599,"Tennis Racket",184.79,554.37
120,3,2,599,"Charm Bracelet",48.79,97.58
109,4,2,599,"Camping Tent",158.79,317.58
124,5,3,599,"Pendant",94.79,284.37
143,1,1,600,"Car Seat",29.99,29.99
125,2,1,600,"Cufflinks",16.5,16.5
10,3,1,600,"T-shirt",68.79,68.79
166,1,3,601,"Banana",15.5,46.5
62,2,3,601,"Building Blocks",38.99,116.97
187,1,1,602,"Baby Clothes",5.5,5.5
169,2,3,602,"Pet Toys",25,75
36,3,1,602,"Chair",26.5,26.5
89,1,1,603,"Perfume",19.5,19.5
124,1,1,604,"Pendant",94.79,94.79
169,2,1,604,"Pet Toys",25,25
86,3,1,604,"Perfume",34,34
118,1,1,605,"Ankle Bracelet",154.5,154.5
105,1,3,606,"Tennis Racket",68.79,206.37
15,1,2,607,"Speaker",104,208
39,2,1,607,"Dresser",235,235
5,3,1,607,"Scarf",83.5,83.5
145,4,1,607,"Engine Oil",22.79,22.79
135,1,2,608,"Sneakers",48.5,97
36,2,2,608,"Chair",26.5,53
49,3,3,608,"Dishwasher",89.79,269.37
88,4,2,608,"Shaving Kit",39.99,79.98
44,5,1,608,"Fridge",136,136
186,1,1,609,"Baby Lotion",9.99,9.99
82,2,2,609,"Novel",6.5,13
31,3,1,609,"Dresser",208.5,208.5
9,4,1,609,"Shoes",26.5,26.5
162,5,1,609,"Eggs",2.5,2.5
126,1,1,610,"Ankle Bracelet",18.79,18.79
186,2,3,610,"Baby Lotion",9.99,29.97
199,3,1,610,"Extension Cord",15,15
172,1,4,611,"Cat Litter",22,88
139,2,2,611,"Slippers",149,298
68,3,1,611,"Lego Set",25.5,25.5
150,1,4,612,"Car Seat",49.79,199.16
114,2,2,612,"Watch",150.99,301.98
143,3,1,612,"Car Seat",29.99,29.99
64,4,3,612,"Puzzle",41,123
91,5,3,612,"Perfume",27.79,83.37
148,1,1,613,"Car Battery",86,86
74,2,6,613,"Biography",24.5,147
67,3,2,613,"Doll",36.99,73.98
96,1,1,614,"Shaving Kit",10.99,10.99
9,2,2,614,"Shoes",26.5,53
126,1,1,615,"Ankle Bracelet",18.79,18.79
44,2,3,615,"Fridge",136,408
170,3,4,615,"Cat Litter",21.99,87.96
38,1,2,616,"Wardrobe",173.99,347.98
197,2,5,616,"Drill",53,265
60,1,2,617,"Toy Car",22.79,45.58
131,1,1,618,"Slippers",138,138
145,1,3,619,"Engine Oil",22.79,68.37
118,1,1,620,"Ankle Bracelet",154.5,154.5
158,2,1,620,"Chicken",4,4
22,1,1,621,"Camera",92,92
106,2,2,621,"Tennis Racket",142.5,285
147,3,1,621,"Engine Oil",84.5,84.5
109,1,1,622,"Camping Tent",158.79,158.79
90,2,1,622,"Lip Balm",16.99,16.99
6,1,1,623,"Sweater",98.5,98.5
10,2,3,623,"T-shirt",68.79,206.37
17,3,2,623,"Tablet",457.5,915
171,1,1,624,"Dog Food",30,30
200,2,1,624,"Tool Set",51,51
114,3,1,624,"Watch",150.99,150.99
14,4,2,624,"Dress",79,158
143,1,3,625,"Car Seat",29.99,89.97
140,2,1,625,"Heels",129,129
30,3,2,625,"Coffee Table",225.5,451
157,4,2,625,"Butter",13,26
118,5,4,625,"Ankle Bracelet",154.5,618
34,1,1,626,"Desk",219.5,219.5
45,1,4,627,"Air Fryer",120.99,483.96
74,2,4,627,"Biography",24.5,98
131,3,1,627,"Slippers",138,138
116,4,3,627,"Cufflinks",90,270
53,1,2,628,"Vacuum Cleaner",117.79,235.58
72,1,2,629,"Sci-Fi Book",27.79,55.58
35,2,2,629,"Coffee Table",227.79,455.58
62,1,3,630,"Building Blocks",38.99,116.97
62,2,1,630,"Building Blocks",38.99,38.99
88,1,2,631,"Shaving Kit",39.99,79.98
153,2,3,631,"Jump Starter",26.79,80.37
67,1,2,632,"Doll",36.99,73.98
117,2,1,632,"Ring",99,99
185,3,1,632,"Baby Clothes",7.5,7.5
134,4,2,632,"Heels",135,270
112,1,3,633,"Football",156,468
33,2,1,633,"Armchair",208.5,208.5
23,3,1,633,"Speaker",456.99,456.99
181,1,1,634,"Pet Toys",49,49
103,2,1,634,"Football",163.79,163.79
182,1,1,635,"Leash",35,35
49,1,2,636,"Dishwasher",89.79,179.58
146,2,2,636,"Car Wax",63.5,127
183,3,2,636,"Pacifier",5.99,11.98
137,4,1,636,"Dress Shoes",56,56
104,1,1,637,"Bicycle",183.5,183.5
113,2,2,637,"Ring",142,284
96,3,3,637,"Shaving Kit",10.99,32.97
167,4,3,637,"Cheese",8,24
14,1,1,638,"Dress",79,79
12,1,1,639,"Dress",57.99,57.99
81,1,4,640,"Poetry Book",25,100
170,2,2,640,"Cat Litter",21.99,43.98
75,1,2,641,"Cookbook",12,24
135,1,1,642,"Sneakers",48.5,48.5
184,2,1,642,"Pacifier",4.99,4.99
119,3,3,642,"Watch",118.5,355.5
76,4,1,642,"Novel",29.5,29.5
78,5,3,642,"Novel",25.5,76.5
177,1,1,643,"Pet Toys",48,48
181,2,2,643,"Pet Toys",49,98
28,3,2,643,"Laptop",181.5,363
108,1,2,644,"Tennis Racket",184.79,369.58
41,2,1,644,"Dresser",106.79,106.79
158,3,3,644,"Chicken",4,12
20,4,2,644,"TV",358.99,717.98
97,1,3,645,"Toothpaste",6,18
108,1,1,646,"Tennis Racket",184.79,184.79
94,2,1,646,"Conditioner",37,37
157,1,1,647,"Butter",13,13
150,1,1,648,"Car Seat",49.79,49.79
55,2,1,648,"Cookware",93.99,93.99
126,3,3,648,"Ankle Bracelet",18.79,56.37
71,1,1,649,"Biography",16.5,16.5
113,2,3,649,"Ring",142,426
197,3,2,649,"Drill",53,106
109,1,1,650,"Camping Tent",158.79,158.79
29,2,3,650,"Desk",53.99,161.97
100,1,3,651,"Soccer Ball",102,306
125,2,1,651,"Cufflinks",16.5,16.5
150,3,3,651,"Car Seat",49.79,149.37
132,1,3,652,"Running Shoes",117.5,352.5
95,2,2,652,"Conditioner",34.99,69.98
124,3,2,652,"Pendant",94.79,189.58
74,1,2,653,"Biography",24.5,49
21,2,1,653,"Speaker",190,190
76,3,1,653,"Novel",29.5,29.5
149,4,6,653,"Headlights",88,528
56,1,1,654,"Vacuum Cleaner",137.5,137.5
17,2,4,654,"Tablet",457.5,1830
1,3,3,654,"Skirt",47.79,143.37
95,1,4,655,"Conditioner",34.99,139.96
145,2,2,655,"Engine Oil",22.79,45.58
173,1,2,656,"Pet Food Bowl",17.79,35.58
168,2,1,656,"Apple",16.5,16.5
37,3,1,656,"Bookshelf",143.5,143.5
162,1,3,657,"Eggs",2.5,7.5
34,2,2,657,"Desk",219.5,439
165,3,2,657,"Butter",8.99,17.98
13,4,4,657,"Jeans",88.99,355.96
33,5,6,657,"Armchair",208.5,1251
127,1,4,658,"Sandals",133,532
151,2,1,658,"Jump Starter",28.99,28.99
73,3,2,658,"Magazine",20.79,41.58
9,1,3,659,"Shoes",26.5,79.5
23,2,1,659,"Speaker",456.99,456.99
85,3,1,659,"Toothpaste",5.5,5.5
147,4,1,659,"Engine Oil",84.5,84.5
160,5,4,659,"Banana",17,68
46,1,2,660,"Bowl",25.5,51
2,2,3,660,"Scarf",12.79,38.37
33,1,1,661,"Armchair",208.5,208.5
198,2,5,661,"Paintbrush",76.79,383.95
18,3,1,661,"Camera",415.5,415.5
147,4,1,661,"Engine Oil",84.5,84.5
9,1,1,662,"Shoes",26.5,26.5
12,2,1,662,"Dress",57.99,57.99
163,3,1,662,"Chicken",16.99,16.99
27,4,2,662,"TV",96.79,193.58
171,1,2,663,"Dog Food",30,60
96,2,4,663,"Shaving Kit",10.99,43.96
60,3,4,663,"Toy Car",22.79,91.16
161,4,3,663,"Eggs",9.79,29.37
130,1,2,664,"Sneakers",79,158
159,1,3,665,"Milk",17.5,52.5
112,2,2,665,"Football",156,312
86,3,2,665,"Perfume",34,68
192,4,3,665,"Baby Bottle",7,21
35,1,2,666,"Coffee Table",227.79,455.58
113,2,2,666,"Ring",142,284
104,3,1,666,"Bicycle",183.5,183.5
73,4,1,666,"Magazine",20.79,20.79
5,5,4,666,"Scarf",83.5,334
179,1,3,667,"Leash",24.79,74.37
82,2,1,667,"Novel",6.5,6.5
137,3,1,667,"Dress Shoes",56,56
51,1,1,668,"Vacuum Cleaner",29.79,29.79
39,2,1,668,"Dresser",235,235
81,1,5,669,"Poetry Book",25,125
173,2,4,669,"Pet Food Bowl",17.79,71.16
130,3,3,669,"Sneakers",79,237
83,4,1,669,"Children's Book",22.99,22.99
32,1,2,670,"Desk",206.5,413
175,2,1,670,"Dog Food",27.99,27.99
32,1,2,671,"Desk",206.5,413
14,2,2,671,"Dress",79,158
25,3,1,671,"TV",128.79,128.79
11,4,3,671,"Jeans",98,294
2,1,2,672,"Scarf",12.79,25.58
154,2,3,672,"Car Seat",76.5,229.5
9,3,3,672,"Shoes",26.5,79.5
173,4,1,672,"Pet Food Bowl",17.79,17.79
125,5,2,672,"Cufflinks",16.5,33
170,1,4,673,"Cat Litter",21.99,87.96
54,2,3,673,"Dishwasher",56.99,170.97
50,3,2,673,"Microwave",50.99,101.98
87,4,1,673,"Nail Polish",5,5
53,5,2,673,"Vacuum Cleaner",117.79,235.58
37,1,2,674,"Bookshelf",143.5,287
119,2,1,674,"Watch",118.5,118.5
106,3,5,674,"Tennis Racket",142.5,712.5
152,4,1,674,"Jump Starter",44.79,44.79
52,5,1,674,"Microwave",45,45
90,1,4,675,"Lip Balm",16.99,67.96
113,2,2,675,"Ring",142,284
111,3,2,675,"Sleeping Bag",46.79,93.58
90,1,3,676,"Lip Balm",16.99,50.97
66,2,6,676,"Building Blocks",32.79,196.74
174,3,2,676,"Cat Litter",22.79,45.58
96,1,3,677,"Shaving Kit",10.99,32.97
177,2,1,677,"Pet Toys",48,48
104,3,2,677,"Bicycle",183.5,367
6,1,1,678,"Sweater",98.5,98.5
71,2,2,678,"Biography",16.5,33
34,3,1,678,"Desk",219.5,219.5
118,4,2,678,"Ankle Bracelet",154.5,309
133,1,1,679,"Sandals",107,107
166,1,2,680,"Banana",15.5,31
160,2,1,680,"Banana",17,17
36,3,2,680,"Chair",26.5,53
54,4,2,680,"Dishwasher",56.99,113.98
35,1,2,681,"Coffee Table",227.79,455.58
104,2,1,681,"Bicycle",183.5,183.5
176,3,2,681,"Dog Food",31,62
87,4,3,681,"Nail Polish",5,15
175,1,3,682,"Dog Food",27.99,83.97
131,1,2,683,"Slippers",138,276
200,2,1,683,"Tool Set",51,51
129,3,7,683,"Loafers",24.99,174.93
90,1,1,684,"Lip Balm",16.99,16.99
53,2,5,684,"Vacuum Cleaner",117.79,588.95
94,1,1,685,"Conditioner",37,37
187,1,1,686,"Baby Clothes",5.5,5.5
104,2,2,686,"Bicycle",183.5,367
192,3,4,686,"Baby Bottle",7,28
142,4,1,686,"Engine Oil",22,22
131,5,1,686,"Slippers",138,138
139,1,1,687,"Slippers",149,149
48,2,1,687,"Bowl",133.5,133.5
59,1,3,688,"Puzzle",7.99,23.97
134,2,1,688,"Heels",135,135
54,3,3,688,"Dishwasher",56.99,170.97
3,4,1,688,"Shorts",25.99,25.99
164,1,1,689,"Bread",18.99,18.99
2,2,2,689,"Scarf",12.79,25.58
143,3,1,689,"Car Seat",29.99,29.99
138,4,3,689,"Slippers",85.5,256.5
42,5,1,689,"Sofa",59.99,59.99
98,1,2,690,"Moisturizer",6.5,13
123,1,2,691,"Earrings",41.99,83.98
128,2,1,691,"Boots",56.99,56.99
200,1,1,692,"Tool Set",51,51
135,1,2,693,"Sneakers",48.5,97
78,2,1,693,"Novel",25.5,25.5
75,1,1,694,"Cookbook",12,12
167,2,5,694,"Cheese",8,40
197,3,3,694,"Drill",53,159
112,4,2,694,"Football",156,312
129,1,4,695,"Loafers",24.99,99.96
137,1,2,696,"Dress Shoes",56,112
26,2,1,696,"Mouse",381,381
48,3,1,696,"Bowl",133.5,133.5
112,4,2,696,"Football",156,312
99,1,1,697,"Bicycle",145.79,145.79
42,2,4,697,"Sofa",59.99,239.96
69,3,1,697,"Doll",42.79,42.79
136,4,4,697,"Sneakers",120.5,482
124,1,2,698,"Pendant",94.79,189.58
88,1,2,699,"Shaving Kit",39.99,79.98
133,2,2,699,"Sandals",107,214
148,3,1,699,"Car Battery",86,86
164,4,3,699,"Bread",18.99,56.97
148,1,2,700,"Car Battery",86,172
20,2,1,700,"TV",358.99,358.99
199,1,1,701,"Extension Cord",15,15
105,2,1,701,"Tennis Racket",68.79,68.79
150,3,1,701,"Car Seat",49.79,49.79
169,4,2,701,"Pet Toys",25,50
103,1,1,702,"Football",163.79,163.79
138,2,2,702,"Slippers",85.5,171
54,1,1,703,"Dishwasher",56.99,56.99
25,2,3,703,"TV",128.79,386.37
50,3,1,703,"Microwave",50.99,50.99
181,4,7,703,"Pet Toys",49,343
123,5,3,703,"Earrings",41.99,125.97
94,1,2,704,"Conditioner",37,74
78,2,4,704,"Novel",25.5,102
7,3,1,704,"Scarf",52.5,52.5
165,1,1,705,"Butter",8.99,8.99
13,1,2,706,"Jeans",88.99,177.98
6,1,3,707,"Sweater",98.5,295.5
108,2,1,707,"Tennis Racket",184.79,184.79
57,1,1,708,"Puzzle",38.99,38.99
188,2,2,708,"Pacifier",6.99,13.98
87,3,1,708,"Nail Polish",5,5
182,1,1,709,"Leash",35,35
36,1,3,710,"Chair",26.5,79.5
8,2,3,710,"Shorts",11.99,35.97
6,3,1,710,"Sweater",98.5,98.5
132,1,1,711,"Running Shoes",117.5,117.5
26,2,3,711,"Mouse",381,1143
171,3,3,711,"Dog Food",30,90
38,4,4,711,"Wardrobe",173.99,695.96
98,5,2,711,"Moisturizer",6.5,13
138,1,3,712,"Slippers",85.5,256.5
38,2,3,712,"Wardrobe",173.99,521.97
115,1,1,713,"Ankle Bracelet",136.79,136.79
135,2,2,713,"Sneakers",48.5,97
118,3,2,713,"Ankle Bracelet",154.5,309
54,1,1,714,"Dishwasher",56.99,56.99
141,2,1,714,"Car Battery",80,80
20,3,2,714,"TV",358.99,717.98
196,1,3,715,"Pacifier",10.79,32.37
20,2,3,715,"TV",358.99,1076.97
100,3,2,715,"Soccer Ball",102,204
69,4,4,715,"Doll",42.79,171.16
68,5,3,715,"Lego Set",25.5,76.5
126,1,1,716,"Ankle Bracelet",18.79,18.79
141,2,1,716,"Car Battery",80,80
89,3,1,716,"Perfume",19.5,19.5
64,1,4,717,"Puzzle",41,164
17,2,1,717,"Tablet",457.5,457.5
197,1,2,718,"Drill",53,106
26,2,3,718,"Mouse",381,1143
111,3,1,718,"Sleeping Bag",46.79,46.79
115,4,3,718,"Ankle Bracelet",136.79,410.37
48,5,2,718,"Bowl",133.5,267
68,1,2,719,"Lego Set",25.5,51
82,2,3,719,"Novel",6.5,19.5
8,3,2,719,"Shorts",11.99,23.98
147,1,2,720,"Engine Oil",84.5,169
14,2,5,720,"Dress",79,395
158,1,4,721,"Chicken",4,16
160,2,1,721,"Banana",17,17
181,1,1,722,"Pet Toys",49,49
2,2,3,722,"Scarf",12.79,38.37
33,3,1,722,"Armchair",208.5,208.5
63,1,3,723,"Puzzle",10.5,31.5
178,2,2,723,"Collar",9.99,19.98
122,3,1,723,"Ring",27,27
92,4,1,723,"Moisturizer",47.79,47.79
141,5,2,723,"Car Battery",80,160
92,1,2,724,"Moisturizer",47.79,95.58
45,2,1,724,"Air Fryer",120.99,120.99
146,3,4,724,"Car Wax",63.5,254
4,4,3,724,"Jacket",82.99,248.97
123,1,2,725,"Earrings",41.99,83.98
154,2,1,725,"Car Seat",76.5,76.5
44,3,3,725,"Fridge",136,408
22,1,1,726,"Camera",92,92
143,2,1,726,"Car Seat",29.99,29.99
146,3,2,726,"Car Wax",63.5,127
86,4,1,726,"Perfume",34,34
57,1,3,727,"Puzzle",38.99,116.97
200,1,4,728,"Tool Set",51,204
35,2,1,728,"Coffee Table",227.79,227.79
172,1,2,729,"Cat Litter",22,44
54,2,2,729,"Dishwasher",56.99,113.98
60,3,1,729,"Toy Car",22.79,22.79
126,4,2,729,"Ankle Bracelet",18.79,37.58
127,5,1,729,"Sandals",133,133
76,1,2,730,"Novel",29.5,59
144,2,2,730,"Tire",99.5,199
178,1,2,731,"Collar",9.99,19.98
149,2,5,731,"Headlights",88,440
176,1,3,732,"Dog Food",31,93
190,2,1,732,"Pacifier",8.79,8.79
115,1,4,733,"Ankle Bracelet",136.79,547.16
107,2,2,733,"Camping Tent",164.5,329
190,3,4,733,"Pacifier",8.79,35.16
56,1,1,734,"Vacuum Cleaner",137.5,137.5
2,2,1,734,"Scarf",12.79,12.79
166,3,1,734,"Banana",15.5,15.5
22,4,2,734,"Camera",92,184
148,1,3,735,"Car Battery",86,258
103,2,8,735,"Football",163.79,1310.32
17,3,2,735,"Tablet",457.5,915
103,4,3,735,"Football",163.79,491.37
159,5,1,735,"Milk",17.5,17.5
112,1,1,736,"Football",156,156
53,1,1,737,"Vacuum Cleaner",117.79,117.79
88,1,4,738,"Shaving Kit",39.99,159.96
91,2,1,738,"Perfume",27.79,27.79
15,3,5,738,"Speaker",104,520
75,4,4,738,"Cookbook",12,48
115,5,1,738,"Ankle Bracelet",136.79,136.79
124,1,1,739,"Pendant",94.79,94.79
28,2,2,739,"Laptop",181.5,363
96,1,3,740,"Shaving Kit",10.99,32.97
75,1,1,741,"Cookbook",12,12
118,2,1,741,"Ankle Bracelet",154.5,154.5
146,3,1,741,"Car Wax",63.5,63.5
149,1,1,742,"Headlights",88,88
4,2,3,742,"Jacket",82.99,248.97
190,3,2,742,"Pacifier",8.79,17.58
27,4,1,742,"TV",96.79,96.79
96,1,1,743,"Shaving Kit",10.99,10.99
24,2,2,743,"Smartphone",85,170
25,3,3,743,"TV",128.79,386.37
176,4,3,743,"Dog Food",31,93
11,5,4,743,"Jeans",98,392
164,1,2,744,"Bread",18.99,37.98
188,1,3,745,"Pacifier",6.99,20.97
3,2,2,745,"Shorts",25.99,51.98
84,3,1,745,"Cookbook",21.99,21.99
21,4,2,745,"Speaker",190,380
93,5,1,745,"Hair Gel",17.99,17.99
184,1,2,746,"Pacifier",4.99,9.98
52,2,1,746,"Microwave",45,45
110,3,1,746,"Basketball",136.79,136.79
153,4,2,746,"Jump Starter",26.79,53.58
154,1,1,747,"Car Seat",76.5,76.5
83,1,2,748,"Children's Book",22.99,45.98
129,1,1,749,"Loafers",24.99,24.99
19,2,4,749,"Smartwatch",356.99,1427.96
85,3,1,749,"Toothpaste",5.5,5.5
8,4,3,749,"Shorts",11.99,35.97
138,1,2,750,"Slippers",85.5,171
22,2,1,750,"Camera",92,92
165,3,1,750,"Butter",8.99,8.99
141,4,4,750,"Car Battery",80,320
143,5,1,750,"Car Seat",29.99,29.99
35,1,1,751,"Coffee Table",227.79,227.79
127,1,3,752,"Sandals",133,399
79,2,2,752,"Magazine",16.99,33.98
123,3,3,752,"Earrings",41.99,125.97
178,4,1,752,"Collar",9.99,9.99
59,1,1,753,"Puzzle",7.99,7.99
20,2,1,753,"TV",358.99,358.99
144,1,2,754,"Tire",99.5,199
41,2,2,754,"Dresser",106.79,213.58
65,3,2,754,"Puzzle",33.5,67
8,1,1,755,"Shorts",11.99,11.99
51,2,2,755,"Vacuum Cleaner",29.79,59.58
67,3,3,755,"Doll",36.99,110.97
165,4,1,755,"Butter",8.99,8.99
125,5,2,755,"Cufflinks",16.5,33
40,1,3,756,"Coffee Table",53.5,160.5
98,2,2,756,"Moisturizer",6.5,13
166,3,1,756,"Banana",15.5,15.5
172,4,1,756,"Cat Litter",22,22
152,1,1,757,"Jump Starter",44.79,44.79
199,2,3,757,"Extension Cord",15,45
71,3,2,757,"Biography",16.5,33
184,1,1,758,"Pacifier",4.99,4.99
76,2,1,758,"Novel",29.5,29.5
27,3,1,758,"TV",96.79,96.79
152,4,1,758,"Jump Starter",44.79,44.79
199,5,1,758,"Extension Cord",15,15
110,1,8,759,"Basketball",136.79,1094.32
172,2,1,759,"Cat Litter",22,22
1,3,3,759,"Skirt",47.79,143.37
147,1,2,760,"Engine Oil",84.5,169
126,2,1,760,"Ankle Bracelet",18.79,18.79
17,3,4,760,"Tablet",457.5,1830
122,4,1,760,"Ring",27,27
112,5,1,760,"Football",156,156
156,1,2,761,"Banana",20.79,41.58
85,2,1,761,"Toothpaste",5.5,5.5
109,3,2,761,"Camping Tent",158.79,317.58
96,4,1,761,"Shaving Kit",10.99,10.99
56,5,2,761,"Vacuum Cleaner",137.5,275
14,1,1,762,"Dress",79,79
12,2,1,762,"Dress",57.99,57.99
64,3,1,762,"Puzzle",41,41
108,1,3,763,"Tennis Racket",184.79,554.37
117,2,3,763,"Ring",99,297
181,3,1,763,"Pet Toys",49,49
45,4,4,763,"Air Fryer",120.99,483.96
21,1,2,764,"Speaker",190,380
27,1,1,765,"TV",96.79,96.79
46,2,2,765,"Bowl",25.5,51
59,3,2,765,"Puzzle",7.99,15.98
161,1,2,766,"Eggs",9.79,19.58
198,2,1,766,"Paintbrush",76.79,76.79
130,3,4,766,"Sneakers",79,316
31,1,2,767,"Dresser",208.5,417
170,2,3,767,"Cat Litter",21.99,65.97
83,3,1,767,"Children's Book",22.99,22.99
33,4,1,767,"Armchair",208.5,208.5
158,5,4,767,"Chicken",4,16
122,1,3,768,"Ring",27,81
100,2,2,768,"Soccer Ball",102,204
59,1,4,769,"Puzzle",7.99,31.96
92,2,1,769,"Moisturizer",47.79,47.79
23,3,3,769,"Speaker",456.99,1370.97
155,4,1,769,"Eggs",18.99,18.99
53,1,2,770,"Vacuum Cleaner",117.79,235.58
103,2,1,770,"Football",163.79,163.79
121,3,2,770,"Charm Bracelet",83.99,167.98
173,4,3,770,"Pet Food Bowl",17.79,53.37
68,5,1,770,"Lego Set",25.5,25.5
22,1,2,771,"Camera",92,184
168,2,1,771,"Apple",16.5,16.5
80,1,3,772,"Poetry Book",15.79,47.37
81,2,1,772,"Poetry Book",25,25
41,3,1,772,"Dresser",106.79,106.79
37,4,2,772,"Bookshelf",143.5,287
67,5,2,772,"Doll",36.99,73.98
95,1,1,773,"Conditioner",34.99,34.99
123,2,3,773,"Earrings",41.99,125.97
164,3,1,773,"Bread",18.99,18.99
192,4,1,773,"Baby Bottle",7,7
8,5,3,773,"Shorts",11.99,35.97
148,1,2,774,"Car Battery",86,172
102,2,2,774,"Camping Tent",146.5,293
89,1,1,775,"Perfume",19.5,19.5
191,2,2,775,"Baby Clothes",9,18
33,3,1,775,"Armchair",208.5,208.5
15,4,1,775,"Speaker",104,104
128,5,1,775,"Boots",56.99,56.99
120,1,1,776,"Charm Bracelet",48.79,48.79
187,2,3,776,"Baby Clothes",5.5,16.5
128,3,2,776,"Boots",56.99,113.98
127,4,2,776,"Sandals",133,266
160,1,3,777,"Banana",17,51
120,2,2,777,"Charm Bracelet",48.79,97.58
78,1,1,778,"Novel",25.5,25.5
127,2,3,778,"Sandals",133,399
41,1,2,779,"Dresser",106.79,213.58
138,2,1,779,"Slippers",85.5,85.5
75,1,2,780,"Cookbook",12,24
52,2,2,780,"Microwave",45,90
29,3,4,780,"Desk",53.99,215.96
99,4,1,780,"Bicycle",145.79,145.79
67,5,1,780,"Doll",36.99,36.99
111,1,1,781,"Sleeping Bag",46.79,46.79
28,2,3,781,"Laptop",181.5,544.5
198,1,1,782,"Paintbrush",76.79,76.79
198,2,2,782,"Paintbrush",76.79,153.58
172,1,3,783,"Cat Litter",22,66
189,2,1,783,"Diapers",6.79,6.79
141,3,5,783,"Car Battery",80,400
71,4,3,783,"Biography",16.5,49.5
35,1,4,784,"Coffee Table",227.79,911.16
165,2,1,784,"Butter",8.99,8.99
87,3,4,784,"Nail Polish",5,20
200,1,2,785,"Tool Set",51,102
89,1,1,786,"Perfume",19.5,19.5
105,2,4,786,"Tennis Racket",68.79,275.16
197,3,3,786,"Drill",53,159
121,4,3,786,"Charm Bracelet",83.99,251.97
125,1,3,787,"Cufflinks",16.5,49.5
78,2,1,787,"Novel",25.5,25.5
144,1,1,788,"Tire",99.5,99.5
12,2,1,788,"Dress",57.99,57.99
183,3,2,788,"Pacifier",5.99,11.98
181,4,4,788,"Pet Toys",49,196
138,5,5,788,"Slippers",85.5,427.5
119,1,2,789,"Watch",118.5,237
115,2,1,789,"Ankle Bracelet",136.79,136.79
50,3,2,789,"Microwave",50.99,101.98
107,1,2,790,"Camping Tent",164.5,329
32,2,4,790,"Desk",206.5,826
31,3,2,790,"Dresser",208.5,417
83,1,2,791,"Children's Book",22.99,45.98
107,2,1,791,"Camping Tent",164.5,164.5
131,3,1,791,"Slippers",138,138
166,4,4,791,"Banana",15.5,62
117,1,3,792,"Ring",99,297
58,2,1,792,"Action Figure",47,47
61,1,1,793,"Lego Set",29.5,29.5
44,2,1,793,"Fridge",136,136
170,1,2,794,"Cat Litter",21.99,43.98
106,1,1,795,"Tennis Racket",142.5,142.5
189,2,3,795,"Diapers",6.79,20.37
183,3,4,795,"Pacifier",5.99,23.96
96,4,1,795,"Shaving Kit",10.99,10.99
33,5,1,795,"Armchair",208.5,208.5
88,1,1,796,"Shaving Kit",39.99,39.99
7,2,4,796,"Scarf",52.5,210
146,3,1,796,"Car Wax",63.5,63.5
42,4,3,796,"Sofa",59.99,179.97
106,1,1,797,"Tennis Racket",142.5,142.5
190,2,1,797,"Pacifier",8.79,8.79
93,3,2,797,"Hair Gel",17.99,35.98
48,4,1,797,"Bowl",133.5,133.5
187,1,1,798,"Baby Clothes",5.5,5.5
55,2,5,798,"Cookware",93.99,469.95
159,1,7,799,"Milk",17.5,122.5
43,2,1,799,"Fridge",130.79,130.79
56,1,2,800,"Vacuum Cleaner",137.5,275
86,2,3,800,"Perfume",34,102
146,3,4,800,"Car Wax",63.5,254
129,4,1,800,"Loafers",24.99,24.99
124,5,1,800,"Pendant",94.79,94.79
196,1,2,801,"Pacifier",10.79,21.58
1,2,2,801,"Skirt",47.79,95.58
48,3,2,801,"Bowl",133.5,267
175,4,1,801,"Dog Food",27.99,27.99
137,1,1,802,"Dress Shoes",56,56
193,2,1,802,"Baby Wipes",5.5,5.5
23,3,3,802,"Speaker",456.99,1370.97
10,1,2,803,"T-shirt",68.79,137.58
12,2,3,803,"Dress",57.99,173.97
28,3,2,803,"Laptop",181.5,363
79,1,2,804,"Magazine",16.99,33.98
38,1,4,805,"Wardrobe",173.99,695.96
14,1,1,806,"Dress",79,79
31,2,2,806,"Dresser",208.5,417
109,1,1,807,"Camping Tent",158.79,158.79
188,2,2,807,"Pacifier",6.99,13.98
121,1,1,808,"Charm Bracelet",83.99,83.99
4,1,3,809,"Jacket",82.99,248.97
122,2,2,809,"Ring",27,54
44,3,3,809,"Fridge",136,408
183,1,1,810,"Pacifier",5.99,5.99
24,2,3,810,"Smartphone",85,255
15,1,3,811,"Speaker",104,312
133,2,2,811,"Sandals",107,214
32,3,1,811,"Desk",206.5,206.5
149,1,3,812,"Headlights",88,264
123,1,3,813,"Earrings",41.99,125.97
74,2,3,813,"Biography",24.5,73.5
6,1,1,814,"Sweater",98.5,98.5
20,2,1,814,"TV",358.99,358.99
118,3,4,814,"Ankle Bracelet",154.5,618
89,4,3,814,"Perfume",19.5,58.5
165,5,4,814,"Butter",8.99,35.96
183,1,2,815,"Pacifier",5.99,11.98
114,2,2,815,"Watch",150.99,301.98
98,1,3,816,"Moisturizer",6.5,19.5
80,2,2,816,"Poetry Book",15.79,31.58
21,3,1,816,"Speaker",190,190
40,1,2,817,"Coffee Table",53.5,107
72,2,3,817,"Sci-Fi Book",27.79,83.37
58,1,2,818,"Action Figure",47,94
152,1,2,819,"Jump Starter",44.79,89.58
109,2,1,819,"Camping Tent",158.79,158.79
194,3,3,819,"Baby Monitor",10.5,31.5
97,1,1,820,"Toothpaste",6,6
195,1,1,821,"Baby Stroller",6,6
38,2,2,821,"Wardrobe",173.99,347.98
146,3,1,821,"Car Wax",63.5,63.5
137,1,4,822,"Dress Shoes",56,224
18,2,3,822,"Camera",415.5,1246.5
195,1,1,823,"Baby Stroller",6,6
3,2,1,823,"Shorts",25.99,25.99
36,1,4,824,"Chair",26.5,106
177,2,5,824,"Pet Toys",48,240
3,1,2,825,"Shorts",25.99,51.98
189,2,2,825,"Diapers",6.79,13.58
101,3,1,825,"Soccer Ball",194.79,194.79
138,1,2,826,"Slippers",85.5,171
142,2,5,826,"Engine Oil",22,110
46,3,2,826,"Bowl",25.5,51
72,4,1,826,"Sci-Fi Book",27.79,27.79
92,1,5,827,"Moisturizer",47.79,238.95
75,2,1,827,"Cookbook",12,12
84,3,4,827,"Cookbook",21.99,87.96
38,1,2,828,"Wardrobe",173.99,347.98
175,2,4,828,"Dog Food",27.99,111.96
116,3,3,828,"Cufflinks",90,270
170,4,1,828,"Cat Litter",21.99,21.99
176,5,1,828,"Dog Food",31,31
20,1,2,829,"TV",358.99,717.98
49,2,2,829,"Dishwasher",89.79,179.58
182,3,1,829,"Leash",35,35
111,4,2,829,"Sleeping Bag",46.79,93.58
152,5,2,829,"Jump Starter",44.79,89.58
4,1,1,830,"Jacket",82.99,82.99
156,2,2,830,"Banana",20.79,41.58
80,1,1,831,"Poetry Book",15.79,15.79
127,2,2,831,"Sandals",133,266
144,3,2,831,"Tire",99.5,199
168,4,1,831,"Apple",16.5,16.5
43,1,4,832,"Fridge",130.79,523.16
116,2,2,832,"Cufflinks",90,180
158,3,3,832,"Chicken",4,12
12,4,2,832,"Dress",57.99,115.98
67,1,5,833,"Doll",36.99,184.95
95,2,3,833,"Conditioner",34.99,104.97
125,3,1,833,"Cufflinks",16.5,16.5
168,1,1,834,"Apple",16.5,16.5
76,2,3,834,"Novel",29.5,88.5
87,3,3,834,"Nail Polish",5,15
73,4,1,834,"Magazine",20.79,20.79
26,5,2,834,"Mouse",381,762
41,1,1,835,"Dresser",106.79,106.79
115,2,1,835,"Ankle Bracelet",136.79,136.79
160,3,3,835,"Banana",17,51
112,4,2,835,"Football",156,312
63,1,1,836,"Puzzle",10.5,10.5
92,2,1,836,"Moisturizer",47.79,47.79
49,3,3,836,"Dishwasher",89.79,269.37
163,4,1,836,"Chicken",16.99,16.99
24,5,2,836,"Smartphone",85,170
39,1,5,837,"Dresser",235,1175
152,2,1,837,"Jump Starter",44.79,44.79
85,3,4,837,"Toothpaste",5.5,22
122,4,2,837,"Ring",27,54
175,5,3,837,"Dog Food",27.99,83.97
24,1,4,838,"Smartphone",85,340
130,2,3,838,"Sneakers",79,237
105,1,2,839,"Tennis Racket",68.79,137.58
81,2,1,839,"Poetry Book",25,25
72,3,2,839,"Sci-Fi Book",27.79,55.58
63,1,1,840,"Puzzle",10.5,10.5
176,2,1,840,"Dog Food",31,31
151,3,5,840,"Jump Starter",28.99,144.95
148,1,2,841,"Car Battery",86,172
80,2,1,841,"Poetry Book",15.79,15.79
113,1,3,842,"Ring",142,426
181,2,3,842,"Pet Toys",49,147
93,3,4,842,"Hair Gel",17.99,71.96
77,4,1,842,"Novel",17,17
77,5,1,842,"Novel",17,17
125,1,3,843,"Cufflinks",16.5,49.5
164,2,1,843,"Bread",18.99,18.99
96,3,6,843,"Shaving Kit",10.99,65.94
53,1,3,844,"Vacuum Cleaner",117.79,353.37
109,2,1,844,"Camping Tent",158.79,158.79
33,3,4,844,"Armchair",208.5,834
70,4,4,844,"Building Blocks",39.99,159.96
126,5,3,844,"Ankle Bracelet",18.79,56.37
175,1,2,845,"Dog Food",27.99,55.98
74,1,2,846,"Biography",24.5,49
82,1,2,847,"Novel",6.5,13
28,1,3,848,"Laptop",181.5,544.5
167,2,1,848,"Cheese",8,8
45,1,2,849,"Air Fryer",120.99,241.98
30,1,5,850,"Coffee Table",225.5,1127.5
111,2,1,850,"Sleeping Bag",46.79,46.79
175,3,1,850,"Dog Food",27.99,27.99
180,1,4,851,"Pet Toys",38.99,155.96
64,2,3,851,"Puzzle",41,123
127,3,1,851,"Sandals",133,133
111,4,2,851,"Sleeping Bag",46.79,93.58
44,5,5,851,"Fridge",136,680
168,1,1,852,"Apple",16.5,16.5
179,2,3,852,"Leash",24.79,74.37
181,3,2,852,"Pet Toys",49,98
172,4,1,852,"Cat Litter",22,22
12,1,3,853,"Dress",57.99,173.97
178,1,1,854,"Collar",9.99,9.99
21,2,3,854,"Speaker",190,570
54,3,1,854,"Dishwasher",56.99,56.99
79,4,5,854,"Magazine",16.99,84.95
137,1,3,855,"Dress Shoes",56,168
186,2,1,855,"Baby Lotion",9.99,9.99
84,3,1,855,"Cookbook",21.99,21.99
9,4,4,855,"Shoes",26.5,106
183,1,2,856,"Pacifier",5.99,11.98
36,2,2,856,"Chair",26.5,53
60,1,2,857,"Toy Car",22.79,45.58
54,2,1,857,"Dishwasher",56.99,56.99
31,3,1,857,"Dresser",208.5,208.5
196,1,1,858,"Pacifier",10.79,10.79
87,2,3,858,"Nail Polish",5,15
77,1,3,859,"Novel",17,51
21,1,1,860,"Speaker",190,190
187,2,3,860,"Baby Clothes",5.5,16.5
159,3,1,860,"Milk",17.5,17.5
89,4,2,860,"Perfume",19.5,39
137,1,6,861,"Dress Shoes",56,336
85,2,1,861,"Toothpaste",5.5,5.5
167,3,1,861,"Cheese",8,8
6,4,1,861,"Sweater",98.5,98.5
190,1,1,862,"Pacifier",8.79,8.79
24,2,2,862,"Smartphone",85,170
90,3,4,862,"Lip Balm",16.99,67.96
94,4,1,862,"Conditioner",37,37
180,5,1,862,"Pet Toys",38.99,38.99
66,1,3,863,"Building Blocks",32.79,98.37
26,2,1,863,"Mouse",381,381
72,3,2,863,"Sci-Fi Book",27.79,55.58
187,4,3,863,"Baby Clothes",5.5,16.5
176,5,3,863,"Dog Food",31,93
117,1,2,864,"Ring",99,198
85,1,4,865,"Toothpaste",5.5,22
74,2,1,865,"Biography",24.5,24.5
179,1,3,866,"Leash",24.79,74.37
165,2,2,866,"Butter",8.99,17.98
97,1,2,867,"Toothpaste",6,12
26,2,3,867,"Mouse",381,1143
58,3,1,867,"Action Figure",47,47
40,1,1,868,"Coffee Table",53.5,53.5
108,2,1,868,"Tennis Racket",184.79,184.79
196,3,1,868,"Pacifier",10.79,10.79
84,4,1,868,"Cookbook",21.99,21.99
17,5,1,868,"Tablet",457.5,457.5
24,1,4,869,"Smartphone",85,340
27,2,2,869,"TV",96.79,193.58
30,1,4,870,"Coffee Table",225.5,902
169,1,1,871,"Pet Toys",25,25
110,2,1,871,"Basketball",136.79,136.79
53,3,2,871,"Vacuum Cleaner",117.79,235.58
161,4,3,871,"Eggs",9.79,29.37
14,5,3,871,"Dress",79,237
108,1,1,872,"Tennis Racket",184.79,184.79
29,2,1,872,"Desk",53.99,53.99
102,3,4,872,"Camping Tent",146.5,586
151,1,2,873,"Jump Starter",28.99,57.98
69,2,1,873,"Doll",42.79,42.79
156,1,4,874,"Banana",20.79,83.16
192,2,2,874,"Baby Bottle",7,14
193,3,2,874,"Baby Wipes",5.5,11
94,4,2,874,"Conditioner",37,74
103,1,1,875,"Football",163.79,163.79
144,2,2,875,"Tire",99.5,199
81,3,2,875,"Poetry Book",25,50
114,1,1,876,"Watch",150.99,150.99
81,2,5,876,"Poetry Book",25,125
2,3,3,876,"Scarf",12.79,38.37
136,1,1,877,"Sneakers",120.5,120.5
100,1,2,878,"Soccer Ball",102,204
58,2,2,878,"Action Figure",47,94
151,1,1,879,"Jump Starter",28.99,28.99
112,2,3,879,"Football",156,468
174,3,3,879,"Cat Litter",22.79,68.37
184,1,5,880,"Pacifier",4.99,24.95
24,2,1,880,"Smartphone",85,85
41,3,5,880,"Dresser",106.79,533.95
132,4,2,880,"Running Shoes",117.5,235
125,5,1,880,"Cufflinks",16.5,16.5
120,1,1,881,"Charm Bracelet",48.79,48.79
122,2,1,881,"Ring",27,27
129,3,4,881,"Loafers",24.99,99.96
195,4,1,881,"Baby Stroller",6,6
103,5,1,881,"Football",163.79,163.79
82,1,1,882,"Novel",6.5,6.5
196,2,3,882,"Pacifier",10.79,32.37
75,3,1,882,"Cookbook",12,12
124,4,2,882,"Pendant",94.79,189.58
123,5,2,882,"Earrings",41.99,83.98
68,1,1,883,"Lego Set",25.5,25.5
44,2,3,883,"Fridge",136,408
41,3,4,883,"Dresser",106.79,427.16
82,4,3,883,"Novel",6.5,19.5
127,1,3,884,"Sandals",133,399
36,2,3,884,"Chair",26.5,79.5
154,1,2,885,"Car Seat",76.5,153
146,2,2,885,"Car Wax",63.5,127
127,3,1,885,"Sandals",133,133
83,4,3,885,"Children's Book",22.99,68.97
65,1,2,886,"Puzzle",33.5,67
68,2,4,886,"Lego Set",25.5,102
90,3,1,886,"Lip Balm",16.99,16.99
60,4,1,886,"Toy Car",22.79,22.79
32,1,1,887,"Desk",206.5,206.5
144,2,5,887,"Tire",99.5,497.5
30,3,3,887,"Coffee Table",225.5,676.5
96,4,2,887,"Shaving Kit",10.99,21.98
144,1,3,888,"Tire",99.5,298.5
50,2,1,888,"Microwave",50.99,50.99
135,1,4,889,"Sneakers",48.5,194
133,2,3,889,"Sandals",107,321
59,3,1,889,"Puzzle",7.99,7.99
85,4,2,889,"Toothpaste",5.5,11
120,1,3,890,"Charm Bracelet",48.79,146.37
126,2,1,890,"Ankle Bracelet",18.79,18.79
44,1,1,891,"Fridge",136,136
100,2,4,891,"Soccer Ball",102,408
136,3,1,891,"Sneakers",120.5,120.5
70,4,2,891,"Building Blocks",39.99,79.98
71,1,2,892,"Biography",16.5,33
110,2,2,892,"Basketball",136.79,273.58
35,3,4,892,"Coffee Table",227.79,911.16
54,4,1,892,"Dishwasher",56.99,56.99
122,5,3,892,"Ring",27,81
122,1,2,893,"Ring",27,54
42,1,1,894,"Sofa",59.99,59.99
95,2,3,894,"Conditioner",34.99,104.97
183,3,1,894,"Pacifier",5.99,5.99
33,4,2,894,"Armchair",208.5,417
16,1,2,895,"Camera",244.99,489.98
137,2,1,895,"Dress Shoes",56,56
55,3,2,895,"Cookware",93.99,187.98
130,1,2,896,"Sneakers",79,158
175,2,3,896,"Dog Food",27.99,83.97
45,3,1,896,"Air Fryer",120.99,120.99
29,4,2,896,"Desk",53.99,107.98
50,1,1,897,"Microwave",50.99,50.99
109,2,2,897,"Camping Tent",158.79,317.58
39,1,3,898,"Dresser",235,705
137,1,1,899,"Dress Shoes",56,56
5,1,1,900,"Scarf",83.5,83.5
31,1,5,901,"Dresser",208.5,1042.5
145,2,4,901,"Engine Oil",22.79,91.16
109,3,1,901,"Camping Tent",158.79,158.79
64,1,5,902,"Puzzle",41,205
166,2,2,902,"Banana",15.5,31
92,3,6,902,"Moisturizer",47.79,286.74
19,1,1,903,"Smartwatch",356.99,356.99
165,2,1,903,"Butter",8.99,8.99
168,1,2,904,"Apple",16.5,33
139,2,4,904,"Slippers",149,596
11,3,2,904,"Jeans",98,196
99,4,1,904,"Bicycle",145.79,145.79
93,1,3,905,"Hair Gel",17.99,53.97
64,2,1,905,"Puzzle",41,41
109,1,1,906,"Camping Tent",158.79,158.79
193,2,2,906,"Baby Wipes",5.5,11
180,3,2,906,"Pet Toys",38.99,77.98
95,4,1,906,"Conditioner",34.99,34.99
31,5,1,906,"Dresser",208.5,208.5
168,1,2,907,"Apple",16.5,33
195,2,3,907,"Baby Stroller",6,18
28,3,4,907,"Laptop",181.5,726
139,4,1,907,"Slippers",149,149
198,5,1,907,"Paintbrush",76.79,76.79
96,1,3,908,"Shaving Kit",10.99,32.97
183,1,2,909,"Pacifier",5.99,11.98
109,2,1,909,"Camping Tent",158.79,158.79
3,3,1,909,"Shorts",25.99,25.99
64,4,1,909,"Puzzle",41,41
195,5,5,909,"Baby Stroller",6,30
71,1,4,910,"Biography",16.5,66
70,2,2,910,"Building Blocks",39.99,79.98
166,3,3,910,"Banana",15.5,46.5
50,1,2,911,"Microwave",50.99,101.98
165,2,2,911,"Butter",8.99,17.98
154,3,2,911,"Car Seat",76.5,153
52,4,2,911,"Microwave",45,90
80,5,3,911,"Poetry Book",15.79,47.37
97,1,5,912,"Toothpaste",6,30
29,2,2,912,"Desk",53.99,107.98
137,3,1,912,"Dress Shoes",56,56
38,1,2,913,"Wardrobe",173.99,347.98
125,2,1,913,"Cufflinks",16.5,16.5
16,3,1,913,"Camera",244.99,244.99
19,4,1,913,"Smartwatch",356.99,356.99
136,5,4,913,"Sneakers",120.5,482
25,1,2,914,"TV",128.79,257.58
71,2,3,914,"Biography",16.5,49.5
5,3,2,914,"Scarf",83.5,167
156,1,3,915,"Banana",20.79,62.37
135,2,4,915,"Sneakers",48.5,194
196,3,1,915,"Pacifier",10.79,10.79
183,4,3,915,"Pacifier",5.99,17.97
33,5,3,915,"Armchair",208.5,625.5
56,1,2,916,"Vacuum Cleaner",137.5,275
142,1,4,917,"Engine Oil",22,88
168,2,2,917,"Apple",16.5,33
191,3,1,917,"Baby Clothes",9,9
97,4,1,917,"Toothpaste",6,6
17,5,3,917,"Tablet",457.5,1372.5
3,1,2,918,"Shorts",25.99,51.98
178,2,3,918,"Collar",9.99,29.97
30,3,1,918,"Coffee Table",225.5,225.5
109,4,1,918,"Camping Tent",158.79,158.79
173,1,1,919,"Pet Food Bowl",17.79,17.79
190,1,2,920,"Pacifier",8.79,17.58
116,2,2,920,"Cufflinks",90,180
23,3,3,920,"Speaker",456.99,1370.97
137,1,3,921,"Dress Shoes",56,168
102,2,2,921,"Camping Tent",146.5,293
90,1,1,922,"Lip Balm",16.99,16.99
189,2,2,922,"Diapers",6.79,13.58
91,3,2,922,"Perfume",27.79,55.58
154,4,1,922,"Car Seat",76.5,76.5
109,1,4,923,"Camping Tent",158.79,635.16
132,2,3,923,"Running Shoes",117.5,352.5
13,3,2,923,"Jeans",88.99,177.98
122,1,1,924,"Ring",27,27
166,1,2,925,"Banana",15.5,31
12,1,3,926,"Dress",57.99,173.97
22,1,2,927,"Camera",92,184
73,2,3,927,"Magazine",20.79,62.37
17,3,1,927,"Tablet",457.5,457.5
128,4,2,927,"Boots",56.99,113.98
152,5,3,927,"Jump Starter",44.79,134.37
29,1,2,928,"Desk",53.99,107.98
175,1,3,929,"Dog Food",27.99,83.97
54,2,2,929,"Dishwasher",56.99,113.98
88,3,3,929,"Shaving Kit",39.99,119.97
50,4,2,929,"Microwave",50.99,101.98
81,1,1,930,"Poetry Book",25,25
118,2,2,930,"Ankle Bracelet",154.5,309
47,3,1,930,"Toaster",105.5,105.5
78,1,1,931,"Novel",25.5,25.5
167,2,2,931,"Cheese",8,16
4,3,2,931,"Jacket",82.99,165.98
198,1,2,932,"Paintbrush",76.79,153.58
141,2,2,932,"Car Battery",80,160
20,3,1,932,"TV",358.99,358.99
186,4,1,932,"Baby Lotion",9.99,9.99
125,5,1,932,"Cufflinks",16.5,16.5
57,1,3,933,"Puzzle",38.99,116.97
15,2,1,933,"Speaker",104,104
80,1,2,934,"Poetry Book",15.79,31.58
191,2,3,934,"Baby Clothes",9,27
179,3,4,934,"Leash",24.79,99.16
78,4,1,934,"Novel",25.5,25.5
57,1,2,935,"Puzzle",38.99,77.98
144,2,2,935,"Tire",99.5,199
129,1,2,936,"Loafers",24.99,49.98
172,2,2,936,"Cat Litter",22,44
89,1,1,937,"Perfume",19.5,19.5
100,2,3,937,"Soccer Ball",102,306
47,3,1,937,"Toaster",105.5,105.5
167,4,2,937,"Cheese",8,16
92,1,1,938,"Moisturizer",47.79,47.79
74,2,3,938,"Biography",24.5,73.5
21,3,1,938,"Speaker",190,190
55,4,6,938,"Cookware",93.99,563.94
98,1,1,939,"Moisturizer",6.5,6.5
158,2,4,939,"Chicken",4,16
116,3,5,939,"Cufflinks",90,450
43,4,2,939,"Fridge",130.79,261.58
162,5,1,939,"Eggs",2.5,2.5
115,1,2,940,"Ankle Bracelet",136.79,273.58
108,2,1,940,"Tennis Racket",184.79,184.79
122,3,2,940,"Ring",27,54
48,1,1,941,"Bowl",133.5,133.5
200,1,2,942,"Tool Set",51,102
9,2,2,942,"Shoes",26.5,53
61,1,1,943,"Lego Set",29.5,29.5
115,2,2,943,"Ankle Bracelet",136.79,273.58
159,3,3,943,"Milk",17.5,52.5
153,1,1,944,"Jump Starter",26.79,26.79
74,1,1,945,"Biography",24.5,24.5
105,2,1,945,"Tennis Racket",68.79,68.79
151,1,1,946,"Jump Starter",28.99,28.99
119,2,3,946,"Watch",118.5,355.5
10,3,1,946,"T-shirt",68.79,68.79
135,4,5,946,"Sneakers",48.5,242.5
83,5,1,946,"Children's Book",22.99,22.99
180,1,1,947,"Pet Toys",38.99,38.99
92,1,2,948,"Moisturizer",47.79,95.58
175,2,3,948,"Dog Food",27.99,83.97
86,1,4,949,"Perfume",34,136
91,2,5,949,"Perfume",27.79,138.95
49,3,3,949,"Dishwasher",89.79,269.37
57,4,1,949,"Puzzle",38.99,38.99
163,1,1,950,"Chicken",16.99,16.99
112,2,1,950,"Football",156,156
155,3,5,950,"Eggs",18.99,94.95
145,1,4,951,"Engine Oil",22.79,91.16
25,2,1,951,"TV",128.79,128.79
164,3,1,951,"Bread",18.99,18.99
35,4,5,951,"Coffee Table",227.79,1138.95
32,5,3,951,"Desk",206.5,619.5
116,1,2,952,"Cufflinks",90,180
59,2,3,952,"Puzzle",7.99,23.97
155,3,1,952,"Eggs",18.99,18.99
170,1,3,953,"Cat Litter",21.99,65.97
50,2,3,953,"Microwave",50.99,152.97
163,1,3,954,"Chicken",16.99,50.97
18,2,1,954,"Camera",415.5,415.5
27,3,5,954,"TV",96.79,483.95
74,4,2,954,"Biography",24.5,49
22,5,1,954,"Camera",92,92
102,1,3,955,"Camping Tent",146.5,439.5
199,2,1,955,"Extension Cord",15,15
70,3,2,955,"Building Blocks",39.99,79.98
60,1,1,956,"Toy Car",22.79,22.79
8,1,2,957,"Shorts",11.99,23.98
54,2,1,957,"Dishwasher",56.99,56.99
114,1,4,958,"Watch",150.99,603.96
154,2,1,958,"Car Seat",76.5,76.5
1,3,1,958,"Skirt",47.79,47.79
68,1,1,959,"Lego Set",25.5,25.5
112,2,3,959,"Football",156,468
27,3,4,959,"TV",96.79,387.16
143,4,2,959,"Car Seat",29.99,59.98
113,5,1,959,"Ring",142,142
145,1,2,960,"Engine Oil",22.79,45.58
72,2,3,960,"Sci-Fi Book",27.79,83.37
102,3,3,960,"Camping Tent",146.5,439.5
164,1,2,961,"Bread",18.99,37.98
179,2,1,961,"Leash",24.79,24.79
200,1,1,962,"Tool Set",51,51
105,2,1,962,"Tennis Racket",68.79,68.79
88,3,2,962,"Shaving Kit",39.99,79.98
186,4,3,962,"Baby Lotion",9.99,29.97
111,5,1,962,"Sleeping Bag",46.79,46.79
137,1,3,963,"Dress Shoes",56,168
148,2,1,963,"Car Battery",86,86
2,3,1,963,"Scarf",12.79,12.79
160,1,1,964,"Banana",17,17
139,2,2,964,"Slippers",149,298
24,3,1,964,"Smartphone",85,85
104,1,1,965,"Bicycle",183.5,183.5
12,2,3,965,"Dress",57.99,173.97
57,3,1,965,"Puzzle",38.99,38.99
66,4,1,965,"Building Blocks",32.79,32.79
137,5,2,965,"Dress Shoes",56,112
185,1,1,966,"Baby Clothes",7.5,7.5
179,2,1,966,"Leash",24.79,24.79
54,1,1,967,"Dishwasher",56.99,56.99
96,1,1,968,"Shaving Kit",10.99,10.99
22,2,1,968,"Camera",92,92
109,3,1,968,"Camping Tent",158.79,158.79
69,4,6,968,"Doll",42.79,256.74
115,5,1,968,"Ankle Bracelet",136.79,136.79
117,1,1,969,"Ring",99,99
19,2,1,969,"Smartwatch",356.99,356.99
85,1,2,970,"Toothpaste",5.5,11
135,2,3,970,"Sneakers",48.5,145.5
59,3,1,970,"Puzzle",7.99,7.99
41,1,1,971,"Dresser",106.79,106.79
107,2,3,971,"Camping Tent",164.5,493.5
131,3,1,971,"Slippers",138,138
79,1,1,972,"Magazine",16.99,16.99
30,2,1,972,"Coffee Table",225.5,225.5
17,3,1,972,"Tablet",457.5,457.5
50,1,3,973,"Microwave",50.99,152.97
143,1,2,974,"Car Seat",29.99,59.98
115,2,1,974,"Ankle Bracelet",136.79,136.79
152,3,1,974,"Jump Starter",44.79,44.79
125,4,4,974,"Cufflinks",16.5,66
185,5,3,974,"Baby Clothes",7.5,22.5
40,1,3,975,"Coffee Table",53.5,160.5
176,2,1,975,"Dog Food",31,31
55,1,3,976,"Cookware",93.99,281.97
189,1,1,977,"Diapers",6.79,6.79
191,2,3,977,"Baby Clothes",9,27
23,3,3,977,"Speaker",456.99,1370.97
97,4,5,977,"Toothpaste",6,30
29,5,2,977,"Desk",53.99,107.98
102,1,2,978,"Camping Tent",146.5,293
34,2,3,978,"Desk",219.5,658.5
183,1,3,979,"Pacifier",5.99,17.97
29,2,1,979,"Desk",53.99,53.99
57,3,1,979,"Puzzle",38.99,38.99
66,4,3,979,"Building Blocks",32.79,98.37
110,5,4,979,"Basketball",136.79,547.16
52,1,2,980,"Microwave",45,90
161,2,2,980,"Eggs",9.79,19.58
30,3,2,980,"Coffee Table",225.5,451
164,1,2,981,"Bread",18.99,37.98
51,2,1,981,"Vacuum Cleaner",29.79,29.79
48,3,4,981,"Bowl",133.5,534
14,4,3,981,"Dress",79,237
149,5,1,981,"Headlights",88,88
146,1,1,982,"Car Wax",63.5,63.5
101,2,3,982,"Soccer Ball",194.79,584.37
176,3,3,982,"Dog Food",31,93
144,4,1,982,"Tire",99.5,99.5
112,1,3,983,"Football",156,468
96,2,6,983,"Shaving Kit",10.99,65.94
120,1,1,984,"Charm Bracelet",48.79,48.79
78,2,1,984,"Novel",25.5,25.5
159,3,2,984,"Milk",17.5,35
61,4,1,984,"Lego Set",29.5,29.5
85,1,3,985,"Toothpaste",5.5,16.5
82,2,6,985,"Novel",6.5,39
141,3,1,985,"Car Battery",80,80
184,1,6,986,"Pacifier",4.99,29.94
17,2,6,986,"Tablet",457.5,2745
175,1,2,987,"Dog Food",27.99,55.98
140,2,5,987,"Heels",129,645
38,1,6,988,"Wardrobe",173.99,1043.94
151,2,4,988,"Jump Starter",28.99,115.96
104,3,1,988,"Bicycle",183.5,183.5
116,4,2,988,"Cufflinks",90,180
135,1,2,989,"Sneakers",48.5,97
137,2,1,989,"Dress Shoes",56,56
182,3,1,989,"Leash",35,35
72,4,4,989,"Sci-Fi Book",27.79,111.16
14,5,3,989,"Dress",79,237
62,1,3,990,"Building Blocks",38.99,116.97
125,2,4,990,"Cufflinks",16.5,66
8,3,1,990,"Shorts",11.99,11.99
82,4,2,990,"Novel",6.5,13
159,5,1,990,"Milk",17.5,17.5
37,1,6,991,"Bookshelf",143.5,861
63,2,1,991,"Puzzle",10.5,10.5
17,1,1,992,"Tablet",457.5,457.5
29,1,1,993,"Desk",53.99,53.99
4,2,3,993,"Jacket",82.99,248.97
8,3,1,993,"Shorts",11.99,11.99
143,4,2,993,"Car Seat",29.99,59.98
107,5,2,993,"Camping Tent",164.5,329
86,1,2,994,"Perfume",34,68
8,2,5,994,"Shorts",11.99,59.95
178,3,4,994,"Collar",9.99,39.96
114,4,5,994,"Watch",150.99,754.95
199,5,2,994,"Extension Cord",15,30
32,1,2,995,"Desk",206.5,413
165,2,2,995,"Butter",8.99,17.98
124,3,1,995,"Pendant",94.79,94.79
65,4,1,995,"Puzzle",33.5,33.5
90,5,1,995,"Lip Balm",16.99,16.99
39,1,4,996,"Dresser",235,940
193,2,4,996,"Baby Wipes",5.5,22
28,3,3,996,"Laptop",181.5,544.5
80,4,4,996,"Poetry Book",15.79,63.16
166,1,1,997,"Banana",15.5,15.5
100,2,3,997,"Soccer Ball",102,306
48,3,3,997,"Bowl",133.5,400.5
168,4,1,997,"Apple",16.5,16.5
5,1,1,998,"Scarf",83.5,83.5
95,2,2,998,"Conditioner",34.99,69.98
103,1,1,999,"Football",163.79,163.79
100,2,4,999,"Soccer Ball",102,408
148,1,3,1000,"Car Battery",86,258
75,2,3,1000,"Cookbook",12,36
151,3,1,1000,"Jump Starter",28.99,28.99
119,1,-1,1001,"Watch",118.5,-118.5
58,1,-2,1002,"Action Figure",47,-94
122,1,-1,1003,"Ring",27,-27
79,1,-1,1004,"Magazine",16.99,-16.99
135,1,-2,1005,"Sneakers",48.5,-97
151,1,-1,1006,"Jump Starter",28.99,-28.99
38,1,-1,1007,"Wardrobe",173.99,-173.99
169,1,-1,1008,"Pet Toys",25,-25
95,1,-2,1009,"Conditioner",34.99,-69.98
149,1,-1,1010,"Headlights",88,-88
104,1,-1,1011,"Bicycle",183.5,-183.5
124,1,-1,1012,"Pendant",94.79,-94.79
171,1,-1,1013,"Dog Food",30,-30
10,1,-1,1014,"T-shirt",68.79,-68.79
143,1,-1,1015,"Car Seat",29.99,-29.99
118,1,-3,1016,"Ankle Bracelet",154.5,-463.5
167,1,-2,1017,"Cheese",8,-16
119,1,-1,1018,"Watch",118.5,-118.5
162,1,-3,1019,"Eggs",2.5,-7.5
44,1,-1,1020,"Fridge",136,-136
22,1,-1,1021,"Camera",92,-92
91,1,-1,1022,"Perfume",27.79,-27.79
28,1,-1,1023,"Laptop",181.5,-181.5
130,1,-1,1024,"Sneakers",79,-79
68,1,-1,1025,"Lego Set",25.5,-25.5
57,1,-1,1026,"Puzzle",38.99,-38.99
165,1,-1,1027,"Butter",8.99,-8.99
148,1,-2,1028,"Car Battery",86,-172
74,1,-2,1029,"Biography",24.5,-49
187,1,-1,1030,"Baby Clothes",5.5,-5.5
171,1,-2,1031,"Dog Food",30,-60
58,1,-1,1032,"Action Figure",47,-47
20,1,-1,1033,"TV",358.99,-358.99
75,1,-1,1034,"Cookbook",12,-12
68,1,-1,1035,"Lego Set",25.5,-25.5
51,1,-1,1036,"Vacuum Cleaner",29.79,-29.79
130,1,-1,1037,"Sneakers",79,-79
109,1,-1,1038,"Camping Tent",158.79,-158.79
64,1,-1,1039,"Puzzle",41,-41
60,1,-2,1040,"Toy Car",22.79,-45.58
107,1,-1,1041,"Camping Tent",164.5,-164.5
167,1,-2,1042,"Cheese",8,-16
108,1,-1,1043,"Tennis Racket",184.79,-184.79
190,1,-1,1044,"Pacifier",8.79,-8.79
109,1,-1,1045,"Camping Tent",158.79,-158.79
141,1,-1,1046,"Car Battery",80,-80
71,1,-1,1047,"Biography",16.5,-16.5
26,1,-1,1048,"Mouse",381,-381
183,1,-4,1049,"Pacifier",5.99,-23.96
145,1,-1,1050,"Engine Oil",22.79,-22.79
141,1,-1,1051,"Car Battery",80,-80
30,1,-1,1052,"Coffee Table",225.5,-225.5
117,1,-1,1053,"Ring",99,-99
133,1,-2,1054,"Sandals",107,-214
42,1,-1,1055,"Sofa",59.99,-59.99
92,1,-1,1056,"Moisturizer",47.79,-47.79
31,1,-1,1057,"Dresser",208.5,-208.5
164,1,-1,1058,"Bread",18.99,-18.99
39,1,-1,1059,"Dresser",235,-235
130,1,-1,1060,"Sneakers",79,-79
92,1,-1,1061,"Moisturizer",47.79,-47.79
71,1,-2,1062,"Biography",16.5,-33
97,1,-1,1063,"Toothpaste",6,-6
2,1,-1,1064,"Scarf",12.79,-12.79
186,1,-4,1065,"Baby Lotion",9.99,-39.96
9,1,-4,1066,"Shoes",26.5,-106
23,1,-4,1067,"Speaker",456.99,-1827.96
135,1,-2,1068,"Sneakers",48.5,-97
117,1,-1,1069,"Ring",99,-99
107,1,-1,1070,"Camping Tent",164.5,-164.5
162,1,-1,1071,"Eggs",2.5,-2.5
193,1,-3,1072,"Baby Wipes",5.5,-16.5
167,1,-1,1073,"Cheese",8,-8
179,1,-1,1074,"Leash",24.79,-24.79
104,1,-1,1075,"Bicycle",183.5,-183.5
94,1,-1,1076,"Conditioner",37,-37
155,1,-1,1077,"Eggs",18.99,-18.99
147,1,-1,1078,"Engine Oil",84.5,-84.5
189,1,-1,1079,"Diapers",6.79,-6.79
77,1,-1,1080,"Novel",17,-17
92,1,-3,1081,"Moisturizer",47.79,-143.37
150,1,-4,1082,"Car Seat",49.79,-199.16
124,1,-3,1083,"Pendant",94.79,-284.37
16,1,-3,1084,"Camera",244.99,-734.97
116,1,-1,1085,"Cufflinks",90,-90
96,1,-1,1086,"Shaving Kit",10.99,-10.99
153,1,-2,1087,"Jump Starter",26.79,-53.58
37,1,-2,1088,"Bookshelf",143.5,-287
114,1,-1,1089,"Watch",150.99,-150.99
190,1,-2,1090,"Pacifier",8.79,-17.58
128,1,-3,1091,"Boots",56.99,-170.97
84,1,-1,1092,"Cookbook",21.99,-21.99
22,1,-1,1093,"Camera",92,-92
169,1,-1,1094,"Pet Toys",25,-25
44,1,-2,1095,"Fridge",136,-272
11,1,-1,1096,"Jeans",98,-98
22,1,-3,1097,"Camera",92,-276
93,1,-1,1098,"Hair Gel",17.99,-17.99
32,1,-1,1099,"Desk",206.5,-206.5
102,1,-1,1100,"Camping Tent",146.5,-146.5
69,1,-3,1101,"Doll",42.79,-128.37
47,1,-4,1102,"Toaster",105.5,-422
196,1,-2,1103,"Pacifier",10.79,-21.58
79,1,-1,1104,"Magazine",16.99,-16.99
62,1,-1,1105,"Building Blocks",38.99,-38.99
129,1,-2,1106,"Loafers",24.99,-49.98
196,1,-2,1107,"Pacifier",10.79,-21.58
120,1,-2,1108,"Charm Bracelet",48.79,-97.58
156,1,-2,1109,"Banana",20.79,-41.58
157,1,-1,1110,"Butter",13,-13
17,1,-2,1111,"Tablet",457.5,-915
177,1,-1,1112,"Pet Toys",48,-48
141,1,-1,1113,"Car Battery",80,-80
57,1,-1,1114,"Puzzle",38.99,-38.99
122,1,-3,1115,"Ring",27,-81
55,1,-3,1116,"Cookware",93.99,-281.97
30,1,-1,1117,"Coffee Table",225.5,-225.5
90,1,-1,1118,"Lip Balm",16.99,-16.99
109,1,-2,1119,"Camping Tent",158.79,-317.58
171,1,-2,1120,"Dog Food",30,-60
116,1,-1,1121,"Cufflinks",90,-90
67,1,-1,1122,"Doll",36.99,-36.99
71,1,-1,1123,"Biography",16.5,-16.5
21,1,-3,1124,"Speaker",190,-570
67,1,-1,1125,"Doll",36.99,-36.99
40,1,-1,1126,"Coffee Table",53.5,-53.5
29,1,-1,1127,"Desk",53.99,-53.99
154,1,-3,1128,"Car Seat",76.5,-229.5
54,1,-1,1129,"Dishwasher",56.99,-56.99
100,1,-1,1130,"Soccer Ball",102,-102
62,1,-2,1131,"Building Blocks",38.99,-77.98
170,1,-1,1132,"Cat Litter",21.99,-21.99
101,1,-1,1133,"Soccer Ball",194.79,-194.79
52,1,-1,1134,"Microwave",45,-45
31,1,-1,1135,"Dresser",208.5,-208.5
154,1,-1,1136,"Car Seat",76.5,-76.5
154,1,-5,1137,"Car Seat",76.5,-382.5
140,1,-1,1138,"Heels",129,-129
10,1,-1,1139,"T-shirt",68.79,-68.79
195,1,-1,1140,"Baby Stroller",6,-6
62,1,-2,1141,"Building Blocks",38.99,-77.98
85,1,-3,1142,"Toothpaste",5.5,-16.5
59,1,-1,1143,"Puzzle",7.99,-7.99
151,1,-1,1144,"Jump Starter",28.99,-28.99
20,1,-2,1145,"TV",358.99,-717.98
82,1,-2,1146,"Novel",6.5,-13
136,1,-2,1147,"Sneakers",120.5,-241
186,1,-1,1148,"Baby Lotion",9.99,-9.99
26,1,-3,1149,"Mouse",381,-1143
177,1,-2,1150,"Pet Toys",48,-96
189,1,-1,1151,"Diapers",6.79,-6.79
70,1,-2,1152,"Building Blocks",39.99,-79.98
77,1,-2,1153,"Novel",17,-34
106,1,-1,1154,"Tennis Racket",142.5,-142.5
141,1,-1,1155,"Car Battery",80,-80
105,1,-2,1156,"Tennis Racket",68.79,-137.58
105,1,-1,1157,"Tennis Racket",68.79,-68.79
141,1,-1,1158,"Car Battery",80,-80
96,1,-1,1159,"Shaving Kit",10.99,-10.99
55,1,-2,1160,"Cookware",93.99,-187.98
27,1,-1,1161,"TV",96.79,-96.79
29,1,-1,1162,"Desk",53.99,-53.99
81,1,-1,1163,"Poetry Book",25,-25
121,1,-1,1164,"Charm Bracelet",83.99,-83.99
188,1,-1,1165,"Pacifier",6.99,-6.99
172,1,-1,1166,"Cat Litter",22,-22
142,1,-2,1167,"Engine Oil",22,-44
96,1,-1,1168,"Shaving Kit",10.99,-10.99
27,1,-1,1169,"TV",96.79,-96.79
199,1,-1,1170,"Extension Cord",15,-15
82,1,-1,1171,"Novel",6.5,-6.5
47,1,-3,1172,"Toaster",105.5,-316.5
87,1,-1,1173,"Nail Polish",5,-5
102,1,-2,1174,"Camping Tent",146.5,-293
124,1,-1,1175,"Pendant",94.79,-94.79
69,1,-1,1176,"Doll",42.79,-42.79
9,1,-1,1177,"Shoes",26.5,-26.5
105,1,-3,1178,"Tennis Racket",68.79,-206.37
55,1,-4,1179,"Cookware",93.99,-375.96
139,1,-1,1180,"Slippers",149,-149
90,1,-1,1181,"Lip Balm",16.99,-16.99
8,1,-2,1182,"Shorts",11.99,-23.98
85,1,-1,1183,"Toothpaste",5.5,-5.5
181,1,-2,1184,"Pet Toys",49,-98
142,1,-2,1185,"Engine Oil",22,-44
101,1,-2,1186,"Soccer Ball",194.79,-389.58
120,1,-1,1187,"Charm Bracelet",48.79,-48.79
124,1,-2,1188,"Pendant",94.79,-189.58
87,1,-1,1189,"Nail Polish",5,-5
16,1,-1,1190,"Camera",244.99,-244.99
10,1,-2,1191,"T-shirt",68.79,-137.58
182,1,-1,1192,"Leash",35,-35
80,1,-1,1193,"Poetry Book",15.79,-15.79
181,1,-1,1194,"Pet Toys",49,-49
200,1,-3,1195,"Tool Set",51,-153
183,1,-1,1196,"Pacifier",5.99,-5.99
194,1,-1,1197,"Baby Monitor",10.5,-10.5
73,1,-1,1198,"Magazine",20.79,-20.79
112,1,-1,1199,"Football",156,-156
177,1,-2,1200,"Pet Toys",48,-96
178,1,-1,1201,"Collar",9.99,-9.99
155,1,-2,1202,"Eggs",18.99,-37.98
47,1,-1,1203,"Toaster",105.5,-105.5
95,1,-1,1204,"Conditioner",34.99,-34.99
167,1,-1,1205,"Cheese",8,-8
38,1,-1,1206,"Wardrobe",173.99,-173.99
157,1,-1,1207,"Butter",13,-13
112,1,-1,1208,"Football",156,-156
161,1,-4,1209,"Eggs",9.79,-39.16
31,1,-1,1210,"Dresser",208.5,-208.5
127,1,-2,1211,"Sandals",133,-266
112,1,-1,1212,"Football",156,-156
53,1,-4,1213,"Vacuum Cleaner",117.79,-471.16
141,1,-2,1214,"Car Battery",80,-160
173,1,-4,1215,"Pet Food Bowl",17.79,-71.16
104,1,-1,1216,"Bicycle",183.5,-183.5
14,1,-1,1217,"Dress",79,-79
151,1,-1,1218,"Jump Starter",28.99,-28.99
145,1,-1,1219,"Engine Oil",22.79,-22.79
53,1,-1,1220,"Vacuum Cleaner",117.79,-117.79
58,1,-2,1221,"Action Figure",47,-94
67,1,-1,1222,"Doll",36.99,-36.99
11,1,-1,1223,"Jeans",98,-98
93,1,-1,1224,"Hair Gel",17.99,-17.99
80,1,-1,1225,"Poetry Book",15.79,-15.79
67,1,-1,1226,"Doll",36.99,-36.99
86,1,-2,1227,"Perfume",34,-68
90,1,-1,1228,"Lip Balm",16.99,-16.99
158,1,-1,1229,"Chicken",4,-4
114,1,-1,1230,"Watch",150.99,-150.99
5,1,-3,1231,"Scarf",83.5,-250.5
196,1,-2,1232,"Pacifier",10.79,-21.58
193,1,-2,1233,"Baby Wipes",5.5,-11
65,1,-1,1234,"Puzzle",33.5,-33.5
55,1,-2,1235,"Cookware",93.99,-187.98
120,1,-3,1236,"Charm Bracelet",48.79,-146.37
116,1,-1,1237,"Cufflinks",90,-90
193,1,-1,1238,"Baby Wipes",5.5,-5.5
125,1,-1,1239,"Cufflinks",16.5,-16.5
113,1,-2,1240,"Ring",142,-284
52,1,-3,1241,"Microwave",45,-135
143,1,-1,1242,"Car Seat",29.99,-29.99
53,1,-1,1243,"Vacuum Cleaner",117.79,-117.79
160,1,-1,1244,"Banana",17,-17
137,1,-3,1245,"Dress Shoes",56,-168
195,1,-1,1246,"Baby Stroller",6,-6
137,1,-1,1247,"Dress Shoes",56,-56
162,1,-3,1248,"Eggs",2.5,-7.5
85,1,-3,1249,"Toothpaste",5.5,-16.5
29,1,-1,1250,"Desk",53.99,-53.99
73,1,-1,1251,"Magazine",20.79,-20.79
33,1,-1,1252,"Armchair",208.5,-208.5
5,1,-1,1253,"Scarf",83.5,-83.5
107,1,-1,1254,"Camping Tent",164.5,-164.5
13,1,-1,1255,"Jeans",88.99,-88.99
99,1,-2,1256,"Bicycle",145.79,-291.58
162,1,-1,1257,"Eggs",2.5,-2.5
69,1,-1,1258,"Doll",42.79,-42.79
111,1,-2,1259,"Sleeping Bag",46.79,-93.58
156,1,-1,1260,"Banana",20.79,-20.79
163,1,-2,1261,"Chicken",16.99,-33.98
152,1,-1,1262,"Jump Starter",44.79,-44.79
88,1,-1,1263,"Shaving Kit",39.99,-39.99
193,1,-3,1264,"Baby Wipes",5.5,-16.5
12,1,-1,1265,"Dress",57.99,-57.99
141,1,-1,1266,"Car Battery",80,-80
122,1,-1,1267,"Ring",27,-27
47,1,-1,1268,"Toaster",105.5,-105.5
88,1,-2,1269,"Shaving Kit",39.99,-79.98
142,1,-2,1270,"Engine Oil",22,-44
138,1,-1,1271,"Slippers",85.5,-85.5
28,1,-1,1272,"Laptop",181.5,-181.5
100,1,-1,1273,"Soccer Ball",102,-102
166,1,-1,1274,"Banana",15.5,-15.5
22,1,-2,1275,"Camera",92,-184
55,1,-1,1276,"Cookware",93.99,-93.99
182,1,-2,1277,"Leash",35,-70
15,1,-3,1278,"Speaker",104,-312
1,1,-1,1279,"Skirt",47.79,-47.79
144,1,-1,1280,"Tire",99.5,-99.5
188,1,-2,1281,"Pacifier",6.99,-13.98
98,1,-1,1282,"Moisturizer",6.5,-6.5
105,1,-1,1283,"Tennis Racket",68.79,-68.79
54,1,-1,1284,"Dishwasher",56.99,-56.99
171,1,-1,1285,"Dog Food",30,-30
118,1,-1,1286,"Ankle Bracelet",154.5,-154.5
105,1,-2,1287,"Tennis Racket",68.79,-137.58
197,1,-1,1288,"Drill",53,-53
77,1,-4,1289,"Novel",17,-68
64,1,-2,1290,"Puzzle",41,-82
187,1,-1,1291,"Baby Clothes",5.5,-5.5
113,1,-1,1292,"Ring",142,-142
16,1,-1,1293,"Camera",244.99,-244.99
182,1,-1,1294,"Leash",35,-35
105,1,-3,1295,"Tennis Racket",68.79,-206.37
128,1,-1,1296,"Boots",56.99,-56.99
103,1,-1,1297,"Football",163.79,-163.79
92,1,-1,1298,"Moisturizer",47.79,-47.79
76,1,-1,1299,"Novel",29.5,-29.5
117,1,-2,1300,"Ring",99,-198
24,1,-1,1301,"Smartphone",85,-85
44,1,-1,1302,"Fridge",136,-136
178,1,-1,1303,"Collar",9.99,-9.99
11,1,-1,1304,"Jeans",98,-98
80,1,-1,1305,"Poetry Book",15.79,-15.79
102,1,-1,1306,"Camping Tent",146.5,-146.5
84,1,-3,1307,"Cookbook",21.99,-65.97
136,1,-3,1308,"Sneakers",120.5,-361.5
177,1,-1,1309,"Pet Toys",48,-48
167,1,-1,1310,"Cheese",8,-8
182,1,-1,1311,"Leash",35,-35
170,1,-1,1312,"Cat Litter",21.99,-21.99
132,1,-1,1313,"Running Shoes",117.5,-117.5
86,1,-1,1314,"Perfume",34,-34
65,1,-1,1315,"Puzzle",33.5,-33.5
126,1,-1,1316,"Ankle Bracelet",18.79,-18.79
94,1,-3,1317,"Conditioner",37,-111
159,1,-3,1318,"Milk",17.5,-52.5
12,1,-1,1319,"Dress",57.99,-57.99
156,1,-4,1320,"Banana",20.79,-83.16
60,1,-1,1321,"Toy Car",22.79,-22.79
133,1,-3,1322,"Sandals",107,-321
175,1,-2,1323,"Dog Food",27.99,-55.98
187,1,-1,1324,"Baby Clothes",5.5,-5.5
164,1,-2,1325,"Bread",18.99,-37.98
166,1,-1,1326,"Banana",15.5,-15.5
51,1,-1,1327,"Vacuum Cleaner",29.79,-29.79
92,1,-1,1328,"Moisturizer",47.79,-47.79
87,1,-2,1329,"Nail Polish",5,-10
178,1,-1,1330,"Collar",9.99,-9.99
111,1,-2,1331,"Sleeping Bag",46.79,-93.58
81,1,-1,1332,"Poetry Book",25,-25
68,1,-1,1333,"Lego Set",25.5,-25.5
37,1,-1,1334,"Bookshelf",143.5,-143.5
23,1,-1,1335,"Speaker",456.99,-456.99
87,1,-1,1336,"Nail Polish",5,-5
193,1,-3,1337,"Baby Wipes",5.5,-16.5
139,1,-1,1338,"Slippers",149,-149
12,1,-1,1339,"Dress",57.99,-57.99
66,1,-2,1340,"Building Blocks",32.79,-65.58
130,1,-3,1341,"Sneakers",79,-237
2,1,-1,1342,"Scarf",12.79,-12.79
101,1,-2,1343,"Soccer Ball",194.79,-389.58
152,1,-1,1344,"Jump Starter",44.79,-44.79
43,1,-2,1345,"Fridge",130.79,-261.58
112,1,-1,1346,"Football",156,-156
187,1,-3,1347,"Baby Clothes",5.5,-16.5
131,1,-1,1348,"Slippers",138,-138
122,1,-3,1349,"Ring",27,-81
124,1,-2,1350,"Pendant",94.79,-189.58
82,1,-2,1351,"Novel",6.5,-13
157,1,-1,1352,"Butter",13,-13
142,1,-1,1353,"Engine Oil",22,-22
104,1,-1,1354,"Bicycle",183.5,-183.5
183,1,-2,1355,"Pacifier",5.99,-11.98
199,1,-2,1356,"Extension Cord",15,-30
156,1,-2,1357,"Banana",20.79,-41.58
34,1,-2,1358,"Desk",219.5,-439
65,1,-1,1359,"Puzzle",33.5,-33.5
136,1,-1,1360,"Sneakers",120.5,-120.5
101,1,-1,1361,"Soccer Ball",194.79,-194.79
117,1,-4,1362,"Ring",99,-396
149,1,-1,1363,"Headlights",88,-88
37,1,-2,1364,"Bookshelf",143.5,-287
166,1,-1,1365,"Banana",15.5,-15.5
3,1,-1,1366,"Shorts",25.99,-25.99
9,1,-2,1367,"Shoes",26.5,-53
159,1,-2,1368,"Milk",17.5,-35
80,1,-3,1369,"Poetry Book",15.79,-47.37
36,1,-1,1370,"Chair",26.5,-26.5
169,1,-1,1371,"Pet Toys",25,-25
31,1,-1,1372,"Dresser",208.5,-208.5
190,1,-2,1373,"Pacifier",8.79,-17.58
145,1,-2,1374,"Engine Oil",22.79,-45.58
169,1,-1,1375,"Pet Toys",25,-25
178,1,-1,1376,"Collar",9.99,-9.99
123,1,-4,1377,"Earrings",41.99,-167.96
147,1,-5,1378,"Engine Oil",84.5,-422.5
77,1,-1,1379,"Novel",17,-17
5,1,-1,1380,"Scarf",83.5,-83.5
56,1,-2,1381,"Vacuum Cleaner",137.5,-275
158,1,-1,1382,"Chicken",4,-4
197,1,-1,1383,"Drill",53,-53
79,1,-1,1384,"Magazine",16.99,-16.99
137,1,-2,1385,"Dress Shoes",56,-112
7,1,-1,1386,"Scarf",52.5,-52.5
17,1,-1,1387,"Tablet",457.5,-457.5
173,1,-3,1388,"Pet Food Bowl",17.79,-53.37
21,1,-1,1389,"Speaker",190,-190
60,1,-3,1390,"Toy Car",22.79,-68.37
116,1,-3,1391,"Cufflinks",90,-270
119,1,-1,1392,"Watch",118.5,-118.5
104,1,-1,1393,"Bicycle",183.5,-183.5
194,1,-5,1394,"Baby Monitor",10.5,-52.5
152,1,-2,1395,"Jump Starter",44.79,-89.58
87,1,-1,1396,"Nail Polish",5,-5
7,1,-1,1397,"Scarf",52.5,-52.5
30,1,-1,1398,"Coffee Table",225.5,-225.5
198,1,-1,1399,"Paintbrush",76.79,-76.79
139,1,-1,1400,"Slippers",149,-149
23,1,-4,1401,"Speaker",456.99,-1827.96
116,1,-2,1402,"Cufflinks",90,-180
36,1,-1,1403,"Chair",26.5,-26.5
168,1,-1,1404,"Apple",16.5,-16.5
30,1,-2,1405,"Coffee Table",225.5,-451
39,1,-1,1406,"Dresser",235,-235
171,1,-1,1407,"Dog Food",30,-30
4,1,-4,1408,"Jacket",82.99,-331.96
153,1,-1,1409,"Jump Starter",26.79,-26.79
156,1,-3,1410,"Banana",20.79,-62.37
101,1,-2,1411,"Soccer Ball",194.79,-389.58
191,1,-3,1412,"Baby Clothes",9,-27
84,1,-1,1413,"Cookbook",21.99,-21.99
124,1,-1,1414,"Pendant",94.79,-94.79
108,1,-3,1415,"Tennis Racket",184.79,-554.37
36,1,-1,1416,"Chair",26.5,-26.5
49,1,-3,1417,"Dishwasher",89.79,-269.37
88,1,-2,1418,"Shaving Kit",39.99,-79.98
9,1,-1,1419,"Shoes",26.5,-26.5
186,1,-1,1420,"Baby Lotion",9.99,-9.99
82,1,-1,1421,"Novel",6.5,-6.5
31,1,-1,1422,"Dresser",208.5,-208.5
186,1,-2,1423,"Baby Lotion",9.99,-19.98
139,1,-1,1424,"Slippers",149,-149
172,1,-2,1425,"Cat Litter",22,-44
74,1,-3,1426,"Biography",24.5,-73.5
96,1,-1,1427,"Shaving Kit",10.99,-10.99
60,1,-2,1428,"Toy Car",22.79,-45.58
145,1,-3,1429,"Engine Oil",22.79,-68.37
14,1,-2,1430,"Dress",79,-158
171,1,-1,1431,"Dog Food",30,-30
140,1,-1,1432,"Heels",129,-129
143,1,-1,1433,"Car Seat",29.99,-29.99
131,1,-1,1434,"Slippers",138,-138
116,1,-2,1435,"Cufflinks",90,-180
53,1,-1,1436,"Vacuum Cleaner",117.79,-117.79
62,1,-1,1437,"Building Blocks",38.99,-38.99
185,1,-1,1438,"Baby Clothes",7.5,-7.5
112,1,-1,1439,"Football",156,-156
182,1,-1,1440,"Leash",35,-35
137,1,-1,1441,"Dress Shoes",56,-56
183,1,-1,1442,"Pacifier",5.99,-5.99
104,1,-1,1443,"Bicycle",183.5,-183.5
41,1,-1,1444,"Dresser",106.79,-106.79
158,1,-2,1445,"Chicken",4,-8
20,1,-1,1446,"TV",358.99,-358.99
100,1,-3,1447,"Soccer Ball",102,-306
95,1,-2,1448,"Conditioner",34.99,-69.98
124,1,-2,1449,"Pendant",94.79,-189.58
76,1,-1,1450,"Novel",29.5,-29.5
145,1,-1,1451,"Engine Oil",22.79,-22.79
34,1,-1,1452,"Desk",219.5,-219.5
127,1,-3,1453,"Sandals",133,-399
198,1,-4,1454,"Paintbrush",76.79,-307.16
33,1,-1,1455,"Armchair",208.5,-208.5
27,1,-2,1456,"TV",96.79,-193.58
96,1,-2,1457,"Shaving Kit",10.99,-21.98
86,1,-1,1458,"Perfume",34,-34
5,1,-2,1459,"Scarf",83.5,-167
137,1,-1,1460,"Dress Shoes",56,-56
51,1,-1,1461,"Vacuum Cleaner",29.79,-29.79
173,1,-2,1462,"Pet Food Bowl",17.79,-35.58
83,1,-1,1463,"Children's Book",22.99,-22.99
125,1,-1,1464,"Cufflinks",16.5,-16.5
170,1,-3,1465,"Cat Litter",21.99,-65.97
37,1,-2,1466,"Bookshelf",143.5,-287
66,1,-6,1467,"Building Blocks",32.79,-196.74
174,1,-1,1468,"Cat Litter",22.79,-22.79
96,1,-3,1469,"Shaving Kit",10.99,-32.97
6,1,-1,1470,"Sweater",98.5,-98.5
104,1,-1,1471,"Bicycle",183.5,-183.5
87,1,-1,1472,"Nail Polish",5,-5
129,1,-6,1473,"Loafers",24.99,-149.94
187,1,-1,1474,"Baby Clothes",5.5,-5.5
104,1,-1,1475,"Bicycle",183.5,-183.5
192,1,-2,1476,"Baby Bottle",7,-14
48,1,-1,1477,"Bowl",133.5,-133.5
164,1,-1,1478,"Bread",18.99,-18.99
138,1,-1,1479,"Slippers",85.5,-85.5
123,1,-2,1480,"Earrings",41.99,-83.98
128,1,-1,1481,"Boots",56.99,-56.99
78,1,-1,1482,"Novel",25.5,-25.5
26,1,-1,1483,"Mouse",381,-381
99,1,-1,1484,"Bicycle",145.79,-145.79
42,1,-3,1485,"Sofa",59.99,-179.97
199,1,-1,1486,"Extension Cord",15,-15
105,1,-1,1487,"Tennis Racket",68.79,-68.79
181,1,-5,1488,"Pet Toys",49,-245
108,1,-1,1489,"Tennis Racket",184.79,-184.79
20,1,-2,1490,"TV",358.99,-717.98
54,1,-1,1491,"Dishwasher",56.99,-56.99
126,1,-1,1492,"Ankle Bracelet",18.79,-18.79
141,1,-1,1493,"Car Battery",80,-80
64,1,-1,1494,"Puzzle",41,-41
111,1,-1,1495,"Sleeping Bag",46.79,-46.79
197,1,-1,1496,"Drill",53,-53
160,1,-1,1497,"Banana",17,-17
141,1,-2,1498,"Car Battery",80,-160
63,1,-2,1499,"Puzzle",10.5,-21
45,1,-1,1500,"Air Fryer",120.99,-120.99
143,1,-1,1501,"Car Seat",29.99,-29.99
146,1,-1,1502,"Car Wax",63.5,-63.5
86,1,-1,1503,"Perfume",34,-34
54,1,-2,1504,"Dishwasher",56.99,-113.98
60,1,-1,1505,"Toy Car",22.79,-22.79
190,1,-1,1506,"Pacifier",8.79,-8.79
166,1,-1,1507,"Banana",15.5,-15.5
56,1,-1,1508,"Vacuum Cleaner",137.5,-137.5
148,1,-2,1509,"Car Battery",86,-172
112,1,-1,1510,"Football",156,-156
115,1,-1,1511,"Ankle Bracelet",136.79,-136.79
91,1,-1,1512,"Perfume",27.79,-27.79
124,1,-1,1513,"Pendant",94.79,-94.79
75,1,-1,1514,"Cookbook",12,-12
190,1,-2,1515,"Pacifier",8.79,-17.58
149,1,-1,1516,"Headlights",88,-88
24,1,-2,1517,"Smartphone",85,-170
96,1,-1,1518,"Shaving Kit",10.99,-10.99
154,1,-1,1519,"Car Seat",76.5,-76.5
83,1,-1,1520,"Children's Book",22.99,-22.99
8,1,-2,1521,"Shorts",11.99,-23.98
141,1,-4,1522,"Car Battery",80,-320
41,1,-2,1523,"Dresser",106.79,-213.58
125,1,-2,1524,"Cufflinks",16.5,-33
8,1,-1,1525,"Shorts",11.99,-11.99
51,1,-1,1526,"Vacuum Cleaner",29.79,-29.79
27,1,-1,1527,"TV",96.79,-96.79
1,1,-3,1528,"Skirt",47.79,-143.37
172,1,-1,1529,"Cat Litter",22,-22
112,1,-1,1530,"Football",156,-156
126,1,-1,1531,"Ankle Bracelet",18.79,-18.79
12,1,-1,1532,"Dress",57.99,-57.99
14,1,-1,1533,"Dress",79,-79
83,1,-1,1534,"Children's Book",22.99,-22.99
31,1,-2,1535,"Dresser",208.5,-417
33,1,-1,1536,"Armchair",208.5,-208.5
92,1,-1,1537,"Moisturizer",47.79,-47.79
121,1,-2,1538,"Charm Bracelet",83.99,-167.98
173,1,-1,1539,"Pet Food Bowl",17.79,-17.79
81,1,-1,1540,"Poetry Book",25,-25
164,1,-1,1541,"Bread",18.99,-18.99
95,1,-1,1542,"Conditioner",34.99,-34.99
123,1,-1,1543,"Earrings",41.99,-41.99
148,1,-1,1544,"Car Battery",86,-86
33,1,-1,1545,"Armchair",208.5,-208.5
191,1,-1,1546,"Baby Clothes",9,-9
127,1,-2,1547,"Sandals",133,-266
120,1,-1,1548,"Charm Bracelet",48.79,-48.79
127,1,-2,1549,"Sandals",133,-266
52,1,-2,1550,"Microwave",45,-90
111,1,-1,1551,"Sleeping Bag",46.79,-46.79
71,1,-1,1552,"Biography",16.5,-16.5
89,1,-1,1553,"Perfume",19.5,-19.5
197,1,-1,1554,"Drill",53,-53
78,1,-1,1555,"Novel",25.5,-25.5
181,1,-3,1556,"Pet Toys",49,-147
50,1,-1,1557,"Microwave",50.99,-50.99
117,1,-1,1558,"Ring",99,-99
58,1,-1,1559,"Action Figure",47,-47
106,1,-1,1560,"Tennis Racket",142.5,-142.5
96,1,-1,1561,"Shaving Kit",10.99,-10.99
7,1,-1,1562,"Scarf",52.5,-52.5
146,1,-1,1563,"Car Wax",63.5,-63.5
88,1,-1,1564,"Shaving Kit",39.99,-39.99
93,1,-1,1565,"Hair Gel",17.99,-17.99
48,1,-1,1566,"Bowl",133.5,-133.5
124,1,-1,1567,"Pendant",94.79,-94.79
196,1,-2,1568,"Pacifier",10.79,-21.58
12,1,-3,1569,"Dress",57.99,-173.97
28,1,-2,1570,"Laptop",181.5,-363
79,1,-2,1571,"Magazine",16.99,-33.98
4,1,-3,1572,"Jacket",82.99,-248.97
114,1,-2,1573,"Watch",150.99,-301.98
177,1,-5,1574,"Pet Toys",48,-240
189,1,-1,1575,"Diapers",6.79,-6.79
101,1,-1,1576,"Soccer Ball",194.79,-194.79
72,1,-1,1577,"Sci-Fi Book",27.79,-27.79
116,1,-3,1578,"Cufflinks",90,-270
49,1,-1,1579,"Dishwasher",89.79,-89.79
127,1,-2,1580,"Sandals",133,-266
168,1,-1,1581,"Apple",16.5,-16.5
73,1,-1,1582,"Magazine",20.79,-20.79
112,1,-1,1583,"Football",156,-156
49,1,-3,1584,"Dishwasher",89.79,-269.37
130,1,-2,1585,"Sneakers",79,-158
81,1,-1,1586,"Poetry Book",25,-25
151,1,-3,1587,"Jump Starter",28.99,-86.97
63,1,-1,1588,"Puzzle",10.5,-10.5
126,1,-2,1589,"Ankle Bracelet",18.79,-37.58
109,1,-1,1590,"Camping Tent",158.79,-158.79
175,1,-1,1591,"Dog Food",27.99,-27.99
30,1,-4,1592,"Coffee Table",225.5,-902
111,1,-1,1593,"Sleeping Bag",46.79,-46.79
172,1,-1,1594,"Cat Litter",22,-22
178,1,-1,1595,"Collar",9.99,-9.99
77,1,-1,1596,"Novel",17,-17
137,1,-5,1597,"Dress Shoes",56,-280
24,1,-2,1598,"Smartphone",85,-170
187,1,-2,1599,"Baby Clothes",5.5,-11
165,1,-2,1600,"Butter",8.99,-17.98
24,1,-2,1601,"Smartphone",85,-170
102,1,-1,1602,"Camping Tent",146.5,-146.5
69,1,-1,1603,"Doll",42.79,-42.79
151,1,-1,1604,"Jump Starter",28.99,-28.99
192,1,-1,1605,"Baby Bottle",7,-7
41,1,-1,1606,"Dresser",106.79,-106.79
195,1,-1,1607,"Baby Stroller",6,-6
120,1,-1,1608,"Charm Bracelet",48.79,-48.79
129,1,-3,1609,"Loafers",24.99,-74.97
82,1,-2,1610,"Novel",6.5,-13
154,1,-1,1611,"Car Seat",76.5,-76.5
144,1,-4,1612,"Tire",99.5,-398
133,1,-2,1613,"Sandals",107,-214
70,1,-1,1614,"Building Blocks",39.99,-39.99
100,1,-4,1615,"Soccer Ball",102,-408
54,1,-1,1616,"Dishwasher",56.99,-56.99
71,1,-2,1617,"Biography",16.5,-33
122,1,-1,1618,"Ring",27,-27
137,1,-1,1619,"Dress Shoes",56,-56
11,1,-2,1620,"Jeans",98,-196
99,1,-1,1621,"Bicycle",145.79,-145.79
139,1,-3,1622,"Slippers",149,-447
109,1,-1,1623,"Camping Tent",158.79,-158.79
183,1,-2,1624,"Pacifier",5.99,-11.98
70,1,-1,1625,"Building Blocks",39.99,-39.99
165,1,-2,1626,"Butter",8.99,-17.98
80,1,-3,1627,"Poetry Book",15.79,-47.37
137,1,-1,1628,"Dress Shoes",56,-56
97,1,-1,1629,"Toothpaste",6,-6
16,1,-1,1630,"Camera",244.99,-244.99
25,1,-1,1631,"TV",128.79,-128.79
135,1,-4,1632,"Sneakers",48.5,-194
142,1,-1,1633,"Engine Oil",22,-22
116,1,-2,1634,"Cufflinks",90,-180
23,1,-3,1635,"Speaker",456.99,-1370.97
90,1,-1,1636,"Lip Balm",16.99,-16.99
