"transaction_id","customer_id","store","date","subtotal","discount","discount_amount","tax","total_amount"
1,144,"Dallas",2024-03-16,890.92,"none",0,71.27,962.19
2,395,"Austin",2024-12-10,183.24,"none",0,14.66,197.9
3,205,"Houston",2024-05-18,845.5,"none",0,67.64,913.14
4,442,"Fort Worth",2024-08-17,219.5,"loyalty",21.95,17.56,215.11
5,471,"Fort Worth",2024-03-08,445.14,"loyalty",44.51,35.61,436.24
6,23,"Austin",2024-08-29,200.15,"coupon",20.02,16.01,196.14
7,265,"San Antonio",2024-09-25,719.54,"loyalty",71.95,57.56,705.15
8,447,"Dallas",2024-06-30,226.99,"none",0,18.16,245.15
9,276,"Houston",2024-11-13,263,"none",0,21.04,284.04
10,229,"Austin",2024-10-31,241.08,"none",0,19.29,260.37
11,479,"Austin",2024-12-25,840.37,"sale",84.04,67.23,823.56
12,227,"Dallas",2024-09-01,195.58,"none",0,15.65,211.23
13,339,"Houston",2024-08-23,143.98,"loyalty",14.4,11.52,141.1
14,287,"Austin",2024-01-17,329,"coupon",32.9,26.32,322.42
15,52,"Houston",2024-03-10,715.83,"sale",71.58,57.27,701.52
16,450,"San Antonio",2024-01-12,271.37,"none",0,21.71,293.08
17,124,"Austin",2024-11-06,514.65,"coupon",51.47,41.17,504.35
18,22,"San Antonio",2024-06-04,259.58,"none",0,20.77,280.35
19,164,"Austin",2024-10-26,493.46,"none",0,39.48,532.94
20,478,"Dallas",2024-02-25,473.12,"none",0,37.85,510.97
21,445,"Austin",2024-05-28,41.87,"sale",4.19,3.35,41.03
22,347,"San Antonio",2024-09-21,118.29,"loyalty",11.83,9.46,115.92
23,321,"Austin",2024-01-22,215.55,"sale",21.56,17.24,211.23
24,498,"Dallas",2024-04-30,440.53,"none",0,35.24,475.77
25,328,"Fort Worth",2024-10-11,191.07,"none",0,15.29,206.36
26,355,"Dallas",2024-11-03,346,"none",0,27.68,373.68
27,273,"Austin",2024-11-14,46.5,"coupon",4.65,3.72,45.57
28,298,"Austin",2024-12-14,583.31,"loyalty",58.33,46.66,571.64
29,145,"Dallas",2024-05-20,309.58,"loyalty",30.96,24.77,303.39
30,74,"Austin",2024-12-13,718.77,"coupon",71.88,57.5,704.39
31,482,"Dallas",2024-09-14,938.5,"loyalty",93.85,75.08,919.73
32,452,"Austin",2024-06-03,520.46,"loyalty",52.05,41.64,510.05
33,346,"Austin",2024-05-23,346.94,"loyalty",34.69,27.76,340.01
34,398,"Houston",2024-03-18,404.56,"none",0,32.36,436.92
35,13,"San Antonio",2024-10-02,892.54,"none",0,71.4,963.94
36,239,"Austin",2024-06-11,730.65,"coupon",73.06,58.45,716.04
37,380,"Houston",2024-06-14,784.93,"coupon",78.49,62.79,769.23
38,109,"Austin",2024-01-31,2617.45,"sale",261.74,209.4,2565.11
39,160,"Austin",2024-05-13,276.79,"sale",27.68,22.14,271.25
40,116,"Austin",2024-11-23,345.54,"coupon",34.55,27.64,338.63
41,72,"Fort Worth",2024-07-18,881.48,"loyalty",88.15,70.52,863.85
42,208,"San Antonio",2024-01-12,397.5,"none",0,31.8,429.3
43,207,"Austin",2024-05-22,593.49,"loyalty",59.35,47.48,581.62
44,185,"Austin",2024-02-11,257.29,"coupon",25.73,20.58,252.14
45,77,"Dallas",2024-04-11,789.16,"sale",78.92,63.13,773.37
46,70,"Houston",2024-09-20,1561,"sale",156.1,124.88,1529.78
47,117,"Dallas",2024-05-17,327.21,"sale",32.72,26.18,320.67
48,233,"Houston",2024-08-20,524.47,"none",0,41.96,566.43
49,133,"Fort Worth",2024-06-30,334.66,"none",0,26.77,361.43
50,429,"Fort Worth",2024-10-22,591.29,"loyalty",59.13,47.3,579.46
51,23,"San Antonio",2024-08-01,601.79,"loyalty",60.18,48.14,589.75
52,222,"Fort Worth",2024-03-03,155.78,"none",0,12.46,168.24
53,400,"Fort Worth",2024-12-09,419.9,"sale",41.99,33.59,411.5
54,61,"Austin",2024-01-20,2222.87,"none",0,177.83,2400.7
55,281,"Austin",2024-02-01,210.98,"sale",21.1,16.88,206.76
56,104,"Dallas",2024-11-04,124.57,"none",0,9.97,134.54
57,64,"San Antonio",2024-06-03,572.92,"coupon",57.29,45.83,561.46
58,377,"Dallas",2024-09-19,854.97,"coupon",85.5,68.4,837.87
59,448,"Dallas",2024-09-26,116.97,"coupon",11.7,9.36,114.63
60,188,"San Antonio",2024-12-27,135.5,"coupon",13.55,10.84,132.79
61,333,"San Antonio",2024-12-17,568.45,"none",0,45.48,613.93
62,48,"Houston",2024-02-21,886.49,"sale",88.65,70.92,868.76
63,192,"Dallas",2024-08-31,471.87,"coupon",47.19,37.75,462.43
64,138,"Dallas",2024-01-13,52.79,"sale",5.28,4.22,51.73
65,408,"Houston",2024-06-29,113.79,"none",0,9.1,122.89
66,225,"San Antonio",2024-10-16,285,"none",0,22.8,307.8
67,406,"Austin",2024-05-18,138.95,"none",0,11.12,150.07
68,407,"Houston",2024-12-13,38.99,"none",0,3.12,42.11
69,398,"Fort Worth",2024-08-29,548.5,"sale",54.85,43.88,537.53
70,220,"Austin",2024-06-07,135.46,"sale",13.55,10.84,132.75
71,378,"San Antonio",2024-11-02,417.48,"none",0,33.4,450.88
72,315,"Fort Worth",2024-10-21,148.58,"sale",14.86,11.89,145.61
73,356,"Fort Worth",2024-06-05,2313,"coupon",231.3,185.04,2266.74
74,1,"Fort Worth",2024-04-30,2712.91,"loyalty",271.29,217.03,2658.65
75,238,"San Antonio",2024-07-25,860,"coupon",86,68.8,842.8
76,111,"San Antonio",2024-11-11,173.97,"coupon",17.4,13.92,170.49
77,190,"Dallas",2024-08-02,491,"loyalty",49.1,39.28,481.18
78,307,"Houston",2024-08-24,24,"none",0,1.92,25.92
79,176,"Austin",2024-10-07,245.35,"sale",24.54,19.63,240.44
80,56,"Dallas",2024-09-10,282.5,"none",0,22.6,305.1
81,122,"Dallas",2024-11-13,448,"none",0,35.84,483.84
82,335,"Houston",2024-02-04,22.79,"coupon",2.28,1.82,22.33
83,209,"Dallas",2024-08-11,206.37,"coupon",20.64,16.51,202.24
84,395,"Austin",2024-03-29,1141.48,"none",0,91.32,1232.8
85,52,"San Antonio",2024-06-20,1142.94,"loyalty",114.29,91.44,1120.09
86,218,"Dallas",2024-04-13,317.58,"coupon",31.76,25.41,311.23
87,493,"Houston",2024-12-02,192.48,"none",0,15.4,207.88
88,447,"Houston",2024-05-26,256.5,"sale",25.65,20.52,251.37
89,444,"Fort Worth",2024-07-25,407.62,"coupon",40.76,32.61,399.47
90,88,"Austin",2024-01-30,134.97,"none",0,10.8,145.77
91,66,"Fort Worth",2024-12-11,512.37,"none",0,40.99,553.36
92,327,"Houston",2024-09-26,431.79,"none",0,34.54,466.33
93,172,"Houston",2024-06-22,528.98,"none",0,42.32,571.3
94,329,"Houston",2024-03-07,909.5,"none",0,72.76,982.26
95,161,"San Antonio",2024-09-24,295.87,"none",0,23.67,319.54
96,94,"San Antonio",2024-08-12,635.35,"coupon",63.54,50.83,622.64
97,392,"Fort Worth",2024-01-23,880.49,"sale",88.05,70.44,862.88
98,47,"San Antonio",2024-01-20,117.79,"loyalty",11.78,9.42,115.43
99,234,"Dallas",2024-06-15,233.37,"loyalty",23.34,18.67,228.7
100,256,"Houston",2024-03-07,899.95,"none",0,72,971.95
101,300,"Fort Worth",2024-06-28,763.12,"coupon",76.31,61.05,747.86
102,167,"San Antonio",2024-12-25,533.94,"none",0,42.72,576.66
103,245,"Dallas",2024-03-23,457.5,"loyalty",45.75,36.6,448.35
104,478,"San Antonio",2024-09-17,480.29,"sale",48.03,38.42,470.68
105,242,"Fort Worth",2024-02-24,554.87,"coupon",55.49,44.39,543.77
106,446,"Austin",2024-07-11,49.58,"coupon",4.96,3.97,48.59
107,458,"Austin",2024-10-30,260.99,"none",0,20.88,281.87
108,305,"Fort Worth",2024-02-16,304,"none",0,24.32,328.32
109,206,"Fort Worth",2024-10-27,253.29,"sale",25.33,20.26,248.22
110,74,"San Antonio",2024-03-31,325.74,"sale",32.57,26.06,319.23
111,468,"Houston",2024-02-05,912.06,"coupon",91.21,72.96,893.81
112,151,"Fort Worth",2024-02-29,333.35,"none",0,26.67,360.02
113,31,"Austin",2024-08-31,612.06,"none",0,48.96,661.02
114,474,"Dallas",2024-09-04,456.15,"loyalty",45.62,36.49,447.02
115,361,"Dallas",2024-02-18,506,"loyalty",50.6,40.48,495.88
116,72,"Dallas",2024-12-24,560.58,"none",0,44.85,605.43
117,275,"Austin",2024-02-23,472.56,"coupon",47.26,37.8,463.1
118,478,"Fort Worth",2024-12-10,276.98,"none",0,22.16,299.14
119,293,"Dallas",2024-09-13,99.96,"coupon",10,8,97.96
120,203,"Austin",2024-07-26,586.38,"sale",58.64,46.91,574.65
121,324,"Dallas",2024-03-31,25.5,"sale",2.55,2.04,24.99
122,160,"Houston",2024-05-04,174.16,"coupon",17.42,13.93,170.67
123,154,"San Antonio",2024-11-03,260.35,"none",0,20.83,281.18
124,110,"Dallas",2024-12-03,1448.46,"none",0,115.88,1564.34
125,185,"Houston",2024-07-07,1776.61,"sale",177.66,142.13,1741.08
126,493,"Houston",2024-11-21,120.5,"none",0,9.64,130.14
127,78,"Fort Worth",2024-09-14,910.54,"sale",91.05,72.84,892.33
128,46,"Austin",2024-06-04,269.58,"loyalty",26.96,21.57,264.19
129,71,"Houston",2024-04-19,492.16,"loyalty",49.22,39.37,482.31
130,346,"Austin",2024-12-18,32.29,"sale",3.23,2.58,31.64
131,310,"Austin",2024-02-15,117.79,"none",0,9.42,127.21
132,446,"Fort Worth",2024-09-06,445.54,"none",0,35.64,481.18
133,337,"San Antonio",2024-10-27,750.78,"none",0,60.06,810.84
134,369,"Austin",2024-03-20,53.96,"none",0,4.32,58.28
135,261,"San Antonio",2024-08-05,77.98,"coupon",7.8,6.24,76.42
136,330,"San Antonio",2024-02-29,151.58,"loyalty",15.16,12.13,148.55
137,411,"Dallas",2024-05-28,497.49,"loyalty",49.75,39.8,487.54
138,394,"Dallas",2024-03-28,80.5,"sale",8.05,6.44,78.89
139,490,"Austin",2024-07-12,519.87,"sale",51.99,41.59,509.47
140,220,"Dallas",2024-09-02,1092.45,"loyalty",109.25,87.4,1070.6
141,156,"Fort Worth",2024-11-28,470.94,"coupon",47.09,37.68,461.53
142,205,"Austin",2024-05-01,199,"none",0,15.92,214.92
143,6,"Houston",2024-03-29,235.99,"none",0,18.88,254.87
144,92,"Fort Worth",2024-04-23,217.16,"none",0,17.37,234.53
145,422,"Dallas",2024-03-24,324.37,"none",0,25.95,350.32
146,116,"Austin",2024-02-15,150.99,"none",0,12.08,163.07
147,120,"San Antonio",2024-04-07,350.96,"none",0,28.08,379.04
148,39,"San Antonio",2024-12-04,1568.55,"none",0,125.48,1694.03
149,123,"Dallas",2024-01-21,400.98,"coupon",40.1,32.08,392.96
150,367,"Houston",2024-07-02,206.65,"coupon",20.67,16.53,202.51
151,424,"Fort Worth",2024-10-17,646.22,"none",0,51.7,697.92
152,249,"Austin",2024-11-02,1470.5,"sale",147.05,117.64,1441.09
153,194,"San Antonio",2024-07-29,885.29,"coupon",88.53,70.82,867.58
154,124,"Fort Worth",2024-03-29,87,"none",0,6.96,93.96
155,56,"Austin",2024-08-01,2480.75,"none",0,198.46,2679.21
156,195,"Dallas",2024-02-20,62,"none",0,4.96,66.96
157,286,"Houston",2024-06-25,144.76,"loyalty",14.48,11.58,141.86
158,109,"Fort Worth",2024-02-04,167,"sale",16.7,13.36,163.66
159,223,"Austin",2024-04-21,595.46,"none",0,47.64,643.1
160,109,"Dallas",2024-09-04,440.99,"loyalty",44.1,35.28,432.17
161,252,"Dallas",2024-03-16,736.99,"sale",73.7,58.96,722.25
162,177,"Dallas",2024-05-24,840.48,"none",0,67.24,907.72
163,325,"Austin",2024-10-20,445.27,"coupon",44.53,35.62,436.36
164,188,"Dallas",2024-03-24,151.46,"coupon",15.15,12.12,148.43
165,178,"Houston",2024-01-29,461.48,"loyalty",46.15,36.92,452.25
166,267,"Houston",2024-10-11,1259.69,"sale",125.97,100.78,1234.5
167,371,"San Antonio",2024-09-02,295.06,"none",0,23.6,318.66
168,111,"Dallas",2024-07-06,453.99,"sale",45.4,36.32,444.91
169,207,"Houston",2024-03-19,88,"coupon",8.8,7.04,86.24
170,133,"Fort Worth",2024-03-09,45,"loyalty",4.5,3.6,44.1
171,315,"Austin",2024-08-11,549.29,"none",0,43.94,593.23
172,92,"Austin",2024-01-15,17,"loyalty",1.7,1.36,16.66
173,432,"San Antonio",2024-03-24,1021.29,"none",0,81.7,1102.99
174,374,"Fort Worth",2024-10-28,674.55,"loyalty",67.46,53.96,661.05
175,335,"Dallas",2024-04-19,358.99,"sale",35.9,28.72,351.81
176,310,"Austin",2024-01-06,424,"none",0,33.92,457.92
177,187,"San Antonio",2024-12-17,62.77,"none",0,5.02,67.79
178,265,"Dallas",2024-02-02,1534.43,"sale",153.44,122.75,1503.74
179,438,"Houston",2024-09-30,156,"none",0,12.48,168.48
180,291,"San Antonio",2024-11-01,190.37,"coupon",19.04,15.23,186.56
181,420,"Houston",2024-01-06,145.53,"sale",14.55,11.64,142.62
182,157,"Dallas",2024-11-08,1562.49,"coupon",156.25,125,1531.24
183,355,"San Antonio",2024-07-20,72.5,"none",0,5.8,78.3
184,133,"Fort Worth",2024-05-04,117.5,"loyalty",11.75,9.4,115.15
185,298,"San Antonio",2024-04-29,287,"coupon",28.7,22.96,281.26
186,241,"Houston",2024-08-21,79,"none",0,6.32,85.32
187,133,"Dallas",2024-02-16,353.04,"sale",35.3,28.24,345.98
188,283,"San Antonio",2024-04-23,1284.5,"coupon",128.45,102.76,1258.81
189,457,"San Antonio",2024-08-01,45.58,"none",0,3.65,49.23
190,451,"Austin",2024-10-04,230,"coupon",23,18.4,225.4
191,138,"Houston",2024-07-20,106.36,"coupon",10.64,8.51,104.23
192,161,"Austin",2024-09-08,83.97,"none",0,6.72,90.69
193,493,"Austin",2024-05-15,2091.99,"coupon",209.2,167.36,2050.15
194,310,"San Antonio",2024-11-27,165.16,"sale",16.52,13.21,161.85
195,469,"Houston",2024-12-23,951.5,"sale",95.15,76.12,932.47
196,234,"Houston",2024-10-07,76.5,"coupon",7.65,6.12,74.97
197,204,"Fort Worth",2024-01-05,680.13,"coupon",68.01,54.41,666.53
198,330,"Houston",2024-07-10,684.86,"loyalty",68.49,54.79,671.16
199,77,"Fort Worth",2024-10-19,406.99,"loyalty",40.7,32.56,398.85
200,287,"Dallas",2024-03-16,550.87,"none",0,44.07,594.94
201,120,"Fort Worth",2024-05-21,6,"sale",0.6,0.48,5.88
202,482,"Fort Worth",2024-07-17,116.98,"coupon",11.7,9.36,114.64
203,301,"Austin",2024-09-29,911.32,"coupon",91.13,72.91,893.1
204,258,"San Antonio",2024-05-01,787.37,"none",0,62.99,850.36
205,202,"Austin",2024-04-28,60.99,"none",0,4.88,65.87
206,441,"Fort Worth",2024-06-04,209.99,"loyalty",21,16.8,205.79
207,183,"Houston",2024-04-11,1173.5,"none",0,93.88,1267.38
208,145,"Houston",2024-08-17,989.96,"coupon",99,79.2,970.16
209,86,"San Antonio",2024-01-16,65.5,"loyalty",6.55,5.24,64.19
210,87,"Austin",2024-08-09,1271.87,"none",0,101.75,1373.62
211,242,"Austin",2024-06-01,285,"none",0,22.8,307.8
212,127,"Fort Worth",2024-01-16,264.49,"coupon",26.45,21.16,259.2
213,109,"Dallas",2024-12-29,703.93,"none",0,56.31,760.24
214,338,"Austin",2024-08-17,235.58,"none",0,18.85,254.43
215,24,"Houston",2024-11-03,359.79,"loyalty",35.98,28.78,352.59
216,351,"Fort Worth",2024-05-25,1006.29,"none",0,80.5,1086.79
217,176,"Dallas",2024-12-14,267.94,"none",0,21.44,289.38
218,205,"Fort Worth",2024-05-18,785.56,"coupon",78.56,62.84,769.84
219,411,"Houston",2024-10-27,412.15,"loyalty",41.22,32.97,403.9
220,460,"Fort Worth",2024-01-03,262.95,"none",0,21.04,283.99
221,142,"Dallas",2024-11-15,1202,"none",0,96.16,1298.16
222,481,"Austin",2024-01-28,309.28,"coupon",30.93,24.74,303.09
223,365,"Houston",2024-10-25,410.48,"sale",41.05,32.84,402.27
224,344,"Fort Worth",2024-08-02,870.24,"none",0,69.62,939.86
225,27,"Fort Worth",2024-09-06,293.29,"sale",29.33,23.46,287.42
226,198,"Houston",2024-09-18,2059.46,"none",0,164.76,2224.22
227,239,"Austin",2024-04-12,644.32,"none",0,51.55,695.87
228,281,"Dallas",2024-09-03,158,"none",0,12.64,170.64
229,350,"Fort Worth",2024-04-18,458.24,"sale",45.82,36.66,449.08
230,458,"Austin",2024-07-28,6.79,"none",0,0.54,7.33
231,310,"Houston",2024-01-21,460.79,"coupon",46.08,36.86,451.57
232,215,"Dallas",2024-05-07,261.08,"sale",26.11,20.89,255.86
233,272,"Dallas",2024-07-01,14,"loyalty",1.4,1.12,13.72
234,30,"Austin",2024-07-13,103,"coupon",10.3,8.24,100.94
235,131,"Dallas",2024-10-25,344,"none",0,27.52,371.52
236,199,"Houston",2024-07-05,129,"loyalty",12.9,10.32,126.42
237,99,"Houston",2024-11-06,1379.76,"sale",137.98,110.38,1352.16
238,416,"San Antonio",2024-08-05,78.99,"none",0,6.32,85.31
239,77,"Fort Worth",2024-07-15,14.97,"none",0,1.2,16.17
240,402,"Dallas",2024-08-17,511.16,"sale",51.12,40.89,500.93
241,274,"Houston",2024-04-16,389.36,"none",0,31.15,420.51
242,332,"Dallas",2024-07-26,494.5,"coupon",49.45,39.56,484.61
243,86,"San Antonio",2024-12-31,571.79,"none",0,45.74,617.53
244,317,"Austin",2024-12-02,410.33,"sale",41.03,32.83,402.13
245,156,"Fort Worth",2024-10-08,621.98,"sale",62.2,49.76,609.54
246,363,"Dallas",2024-11-04,497.29,"sale",49.73,39.78,487.34
247,200,"Austin",2024-12-03,474.08,"loyalty",47.41,37.93,464.6
248,485,"Houston",2024-08-07,858.08,"coupon",85.81,68.65,840.92
249,484,"Houston",2024-05-14,246.5,"none",0,19.72,266.22
250,364,"San Antonio",2024-09-30,117.79,"none",0,9.42,127.21
251,129,"Fort Worth",2024-06-26,724.44,"sale",72.44,57.96,709.96
252,111,"Austin",2024-01-02,120.49,"sale",12.05,9.64,118.08
253,297,"Austin",2024-09-03,453.5,"loyalty",45.35,36.28,444.43
254,134,"Houston",2024-05-27,757.79,"coupon",75.78,60.62,742.63
255,266,"Houston",2024-12-14,1997.39,"none",0,159.79,2157.18
256,393,"Fort Worth",2024-02-19,1480.16,"none",0,118.41,1598.57
257,85,"Houston",2024-05-18,758.58,"coupon",75.86,60.69,743.41
258,203,"Dallas",2024-11-25,478.5,"none",0,38.28,516.78
259,236,"Fort Worth",2024-10-21,424.5,"none",0,33.96,458.46
260,435,"Austin",2024-07-04,586,"sale",58.6,46.88,574.28
261,463,"Dallas",2024-01-07,69.29,"coupon",6.93,5.54,67.9
262,441,"San Antonio",2024-04-01,120.99,"sale",12.1,9.68,118.57
263,338,"Houston",2024-04-21,94.78,"loyalty",9.48,7.58,92.88
264,476,"Houston",2024-08-30,320.76,"none",0,25.66,346.42
265,259,"San Antonio",2024-02-05,468.99,"coupon",46.9,37.52,459.61
266,289,"Houston",2024-12-19,655.31,"none",0,52.42,707.73
267,169,"San Antonio",2024-11-13,322.74,"none",0,25.82,348.56
268,174,"Fort Worth",2024-04-14,41.99,"sale",4.2,3.36,41.15
269,11,"Houston",2024-06-08,320.99,"none",0,25.68,346.67
270,252,"Fort Worth",2024-05-04,11,"none",0,0.88,11.88
271,436,"Houston",2024-05-07,4.99,"none",0,0.4,5.39
272,4,"San Antonio",2024-04-21,616.94,"none",0,49.36,666.3
273,37,"Austin",2024-11-30,56,"none",0,4.48,60.48
274,83,"Austin",2024-04-13,225.79,"none",0,18.06,243.85
275,386,"Fort Worth",2024-11-13,644.45,"sale",64.45,51.56,631.56
276,368,"Austin",2024-10-25,165.5,"sale",16.55,13.24,162.19
277,486,"San Antonio",2024-03-08,318.37,"sale",31.84,25.47,312
278,234,"San Antonio",2024-03-24,160.99,"loyalty",16.1,12.88,157.77
279,38,"Dallas",2024-08-31,796.5,"loyalty",79.65,63.72,780.57
280,325,"Dallas",2024-06-20,525.41,"none",0,42.03,567.44
281,380,"Dallas",2024-02-10,901.9,"none",0,72.15,974.05
282,69,"Fort Worth",2024-02-23,30.5,"sale",3.05,2.44,29.89
283,199,"San Antonio",2024-04-26,956.78,"none",0,76.54,1033.32
284,113,"San Antonio",2024-08-10,115.28,"loyalty",11.53,9.22,112.97
285,29,"Austin",2024-12-12,355.58,"loyalty",35.56,28.45,348.47
286,198,"Dallas",2024-06-03,53.5,"none",0,4.28,57.78
287,33,"San Antonio",2024-12-05,461,"loyalty",46.1,36.88,451.78
288,113,"Austin",2024-02-06,171.48,"none",0,13.72,185.2
289,28,"Dallas",2024-11-13,198,"coupon",19.8,15.84,194.04
290,336,"Austin",2024-04-05,1153.36,"loyalty",115.34,92.27,1130.29
291,149,"Fort Worth",2024-04-13,1070.29,"none",0,85.62,1155.91
292,51,"Austin",2024-03-01,973.06,"sale",97.31,77.84,953.59
293,36,"Dallas",2024-01-11,277,"none",0,22.16,299.16
294,441,"Fort Worth",2024-02-05,238.99,"loyalty",23.9,19.12,234.21
295,378,"Dallas",2024-02-13,53.58,"sale",5.36,4.29,52.51
296,409,"Dallas",2024-03-12,463.95,"none",0,37.12,501.07
297,492,"San Antonio",2024-10-30,732.5,"none",0,58.6,791.1
298,52,"San Antonio",2024-01-06,367.94,"sale",36.79,29.44,360.59
299,50,"Fort Worth",2024-05-21,238.93,"coupon",23.89,19.11,234.15
300,400,"Austin",2024-11-30,83.5,"sale",8.35,6.68,81.83
301,393,"Houston",2024-01-06,800.58,"loyalty",80.06,64.05,784.57
302,5,"Austin",2024-04-23,95.58,"sale",9.56,7.65,93.67
303,390,"Austin",2024-06-05,627.98,"none",0,50.24,678.22
304,365,"Fort Worth",2024-07-24,53,"coupon",5.3,4.24,51.94
305,316,"San Antonio",2024-12-03,910.63,"coupon",91.06,72.85,892.42
306,241,"Austin",2024-07-08,674.15,"none",0,53.93,728.08
307,79,"Houston",2024-09-27,258,"loyalty",25.8,20.64,252.84
308,5,"Houston",2024-08-14,306.98,"coupon",30.7,24.56,300.84
309,227,"San Antonio",2024-03-16,199.79,"sale",19.98,15.98,195.79
310,247,"Houston",2024-07-05,292.35,"none",0,23.39,315.74
311,195,"Dallas",2024-01-23,489.98,"loyalty",49,39.2,480.18
312,233,"Dallas",2024-10-10,211,"none",0,16.88,227.88
313,357,"Fort Worth",2024-03-15,836.44,"none",0,66.92,903.36
314,28,"Dallas",2024-11-09,552.5,"coupon",55.25,44.2,541.45
315,178,"San Antonio",2024-07-07,528.5,"coupon",52.85,42.28,517.93
316,402,"Houston",2024-04-02,1587.46,"sale",158.75,127,1555.71
317,418,"San Antonio",2024-10-24,475.77,"none",0,38.06,513.83
318,119,"Dallas",2024-01-25,363,"coupon",36.3,29.04,355.74
319,177,"Austin",2024-01-10,172.58,"none",0,13.81,186.39
320,429,"Houston",2024-08-06,235,"loyalty",23.5,18.8,230.3
321,427,"Fort Worth",2024-11-05,902.79,"coupon",90.28,72.22,884.73
322,148,"Dallas",2024-06-14,196,"loyalty",19.6,15.68,192.08
323,74,"Fort Worth",2024-07-02,513,"none",0,41.04,554.04
324,352,"Dallas",2024-03-17,60.47,"coupon",6.05,4.84,59.26
325,52,"Fort Worth",2024-09-18,778.47,"loyalty",77.85,62.28,762.9
326,17,"Dallas",2024-07-15,210.06,"none",0,16.8,226.86
327,500,"Austin",2024-01-18,223.29,"loyalty",22.33,17.86,218.82
328,18,"Austin",2024-10-28,33.98,"none",0,2.72,36.7
329,170,"Houston",2024-04-02,1231.47,"none",0,98.52,1329.99
330,458,"San Antonio",2024-07-09,311.56,"loyalty",31.16,24.92,305.32
331,309,"Austin",2024-04-29,183.5,"none",0,14.68,198.18
332,144,"Dallas",2024-02-10,1024.76,"none",0,81.98,1106.74
333,369,"Austin",2024-11-07,678.96,"coupon",67.9,54.32,665.38
334,418,"San Antonio",2024-08-16,175.78,"coupon",17.58,14.06,172.26
335,158,"Austin",2024-11-06,577,"coupon",57.7,46.16,565.46
336,247,"Houston",2024-02-16,446,"none",0,35.68,481.68
337,349,"San Antonio",2024-09-01,2071.44,"none",0,165.72,2237.16
338,321,"San Antonio",2024-08-10,163.47,"sale",16.35,13.08,160.2
339,322,"Fort Worth",2024-12-12,26.79,"sale",2.68,2.14,26.25
340,489,"Austin",2024-07-31,115.94,"sale",11.59,9.28,113.63
341,208,"Dallas",2024-04-20,658.98,"coupon",65.9,52.72,645.8
342,60,"Austin",2024-12-08,952.22,"none",0,76.18,1028.4
343,264,"Dallas",2024-11-05,606.58,"sale",60.66,48.53,594.45
344,113,"Dallas",2024-06-04,1176.56,"sale",117.66,94.12,1153.02
345,244,"San Antonio",2024-06-26,1832.08,"none",0,146.57,1978.65
346,186,"Fort Worth",2024-10-08,227.79,"none",0,18.22,246.01
347,492,"Dallas",2024-04-02,586,"loyalty",58.6,46.88,574.28
348,195,"San Antonio",2024-10-24,1572,"none",0,125.76,1697.76
349,115,"Austin",2024-10-27,1432.47,"loyalty",143.25,114.6,1403.82
350,312,"Austin",2024-06-01,47.79,"loyalty",4.78,3.82,46.83
351,69,"Houston",2024-12-01,970.79,"coupon",97.08,77.66,951.37
352,484,"Houston",2024-01-26,6.5,"sale",0.65,0.52,6.37
353,258,"Houston",2024-10-23,940.15,"none",0,75.21,1015.36
354,82,"Houston",2024-06-26,114.75,"coupon",11.48,9.18,112.45
355,311,"Houston",2024-04-21,978.64,"loyalty",97.86,78.29,959.07
356,493,"Austin",2024-08-14,63.99,"none",0,5.12,69.11
357,335,"Houston",2024-04-26,331.87,"none",0,26.55,358.42
358,210,"Fort Worth",2024-08-26,18,"none",0,1.44,19.44
359,162,"Dallas",2024-12-01,94.97,"none",0,7.6,102.57
360,418,"Austin",2024-07-27,177.49,"loyalty",17.75,14.2,173.94
361,72,"San Antonio",2024-08-21,57.99,"loyalty",5.8,4.64,56.83
362,97,"Houston",2024-06-01,140.25,"coupon",14.03,11.22,137.44
363,449,"Fort Worth",2024-10-18,540.14,"none",0,43.21,583.35
364,155,"Austin",2024-11-11,721.93,"sale",72.19,57.75,707.49
365,182,"Dallas",2024-05-14,72.99,"loyalty",7.3,5.84,71.53
366,392,"Dallas",2024-06-27,163.55,"none",0,13.08,176.63
367,97,"Houston",2024-11-24,880.16,"none",0,70.41,950.57
368,9,"Austin",2024-06-18,145.79,"coupon",14.58,11.66,142.87
369,204,"Houston",2024-03-17,2240.93,"coupon",224.09,179.27,2196.11
370,242,"Houston",2024-09-04,993.79,"loyalty",99.38,79.5,973.91
371,211,"Dallas",2024-09-25,568.48,"sale",56.85,45.48,557.11
372,172,"Houston",2024-08-26,221.79,"loyalty",22.18,17.74,217.35
373,434,"Austin",2024-03-16,552.87,"none",0,44.23,597.1
374,228,"San Antonio",2024-12-17,276.53,"loyalty",27.65,22.12,271
375,267,"San Antonio",2024-01-03,99,"none",0,7.92,106.92
376,482,"Fort Worth",2024-11-26,1402.48,"none",0,112.2,1514.68
377,388,"Dallas",2024-02-02,328.37,"sale",32.84,26.27,321.8
378,105,"Fort Worth",2024-11-02,31.99,"loyalty",3.2,2.56,31.35
379,155,"Houston",2024-07-21,431.87,"none",0,34.55,466.42
380,486,"San Antonio",2024-08-08,959.99,"sale",96,76.8,940.79
381,293,"Austin",2024-10-23,102,"none",0,8.16,110.16
382,381,"Dallas",2024-04-06,1065.82,"none",0,85.27,1151.09
383,187,"Fort Worth",2024-01-15,288.9,"sale",28.89,23.11,283.12
384,385,"Houston",2024-02-20,649.48,"none",0,51.96,701.44
385,269,"Fort Worth",2024-02-08,101.29,"sale",10.13,8.1,99.26
386,457,"Houston",2024-03-05,53.99,"none",0,4.32,58.31
387,93,"Dallas",2024-12-17,266.79,"loyalty",26.68,21.34,261.45
388,142,"Fort Worth",2024-03-12,209,"coupon",20.9,16.72,204.82
389,48,"Houston",2024-05-01,329.99,"none",0,26.4,356.39
390,106,"Dallas",2024-09-10,355.93,"coupon",35.59,28.47,348.81
391,489,"Fort Worth",2024-09-10,391.05,"loyalty",39.11,31.28,383.22
392,149,"San Antonio",2024-04-14,376.93,"none",0,30.15,407.08
393,363,"Austin",2024-04-19,50,"none",0,4,54
394,393,"Dallas",2024-06-06,616.22,"loyalty",61.62,49.3,603.9
395,53,"Austin",2024-05-20,94.95,"sale",9.49,7.6,93.06
396,120,"Fort Worth",2024-11-27,744.48,"sale",74.45,59.56,729.59
397,136,"San Antonio",2024-07-14,27.79,"none",0,2.22,30.01
398,51,"Austin",2024-08-10,107,"loyalty",10.7,8.56,104.86
399,59,"Houston",2024-07-03,1078,"coupon",107.8,86.24,1056.44
400,496,"Dallas",2024-07-03,1191.29,"sale",119.13,95.3,1167.46
401,494,"Dallas",2024-06-04,567.45,"coupon",56.75,45.4,556.1
402,69,"Dallas",2024-03-20,516,"coupon",51.6,41.28,505.68
403,453,"Houston",2024-04-26,573.64,"none",0,45.89,619.53
404,289,"Austin",2024-03-29,712.57,"sale",71.26,57.01,698.32
405,198,"Dallas",2024-01-01,142.5,"sale",14.25,11.4,139.65
406,225,"San Antonio",2024-03-22,250.77,"none",0,20.06,270.83
407,354,"Austin",2024-12-20,164.49,"none",0,13.16,177.65
408,42,"Fort Worth",2024-06-07,439.5,"coupon",43.95,35.16,430.71
409,170,"Houston",2024-12-18,56.99,"coupon",5.7,4.56,55.85
410,341,"Fort Worth",2024-04-03,69.95,"loyalty",7,5.6,68.55
411,159,"San Antonio",2024-02-19,90.08,"sale",9.01,7.21,88.28
412,416,"Fort Worth",2024-07-24,77.58,"coupon",7.76,6.21,76.03
413,108,"San Antonio",2024-06-07,480.37,"none",0,38.43,518.8
414,249,"Houston",2024-11-11,305.98,"none",0,24.48,330.46
415,139,"Houston",2024-12-01,491.26,"sale",49.13,39.3,481.43
416,97,"San Antonio",2024-08-14,514.75,"none",0,41.18,555.93
417,476,"Austin",2024-11-03,338.91,"none",0,27.11,366.02
418,161,"Dallas",2024-04-15,744.58,"loyalty",74.46,59.57,729.69
419,240,"San Antonio",2024-11-25,481.97,"coupon",48.2,38.56,472.33
420,14,"Dallas",2024-02-21,239.86,"none",0,19.19,259.05
421,274,"Fort Worth",2024-02-21,355.29,"loyalty",35.53,28.42,348.18
422,323,"Austin",2024-07-31,426,"sale",42.6,34.08,417.48
423,299,"Austin",2024-12-30,738.5,"none",0,59.08,797.58
424,161,"Fort Worth",2024-07-14,834.56,"none",0,66.76,901.32
425,446,"Austin",2024-02-17,45,"coupon",4.5,3.6,44.1
426,314,"Houston",2024-03-05,130.45,"loyalty",13.04,10.44,127.85
427,152,"Austin",2024-10-10,122.79,"none",0,9.82,132.61
428,195,"Fort Worth",2024-08-26,13,"sale",1.3,1.04,12.74
429,81,"Fort Worth",2024-07-22,197.27,"loyalty",19.73,15.78,193.32
430,432,"Austin",2024-09-29,349.79,"coupon",34.98,27.98,342.79
431,477,"Fort Worth",2024-05-05,141,"coupon",14.1,11.28,138.18
432,282,"Dallas",2024-05-23,361.5,"none",0,28.92,390.42
433,165,"San Antonio",2024-05-08,512.29,"none",0,40.98,553.27
434,499,"Fort Worth",2024-08-15,138,"coupon",13.8,11.04,135.24
435,118,"Dallas",2024-02-28,211,"none",0,16.88,227.88
436,307,"Dallas",2024-03-31,229.5,"loyalty",22.95,18.36,224.91
437,55,"San Antonio",2024-12-12,93.29,"none",0,7.46,100.75
438,244,"Fort Worth",2024-12-27,2774.94,"coupon",277.49,222,2719.45
439,50,"San Antonio",2024-07-15,376.98,"none",0,30.16,407.14
440,81,"Austin",2024-01-17,293,"coupon",29.3,23.44,287.14
441,142,"Houston",2024-08-08,32.79,"coupon",3.28,2.62,32.13
442,292,"San Antonio",2024-09-21,621.5,"none",0,49.72,671.22
443,366,"Houston",2024-08-01,180,"none",0,14.4,194.4
444,83,"Austin",2024-07-11,481.5,"none",0,38.52,520.02
445,434,"San Antonio",2024-05-09,770.93,"none",0,61.67,832.6
446,355,"San Antonio",2024-01-30,261.5,"sale",26.15,20.92,256.27
447,381,"Houston",2024-02-16,428.5,"none",0,34.28,462.78
448,74,"Austin",2024-05-13,99.5,"none",0,7.96,107.46
449,180,"Austin",2024-08-07,227.79,"none",0,18.22,246.01
450,337,"Dallas",2024-03-28,409.99,"loyalty",41,32.8,401.79
451,262,"Austin",2024-01-07,392.37,"sale",39.24,31.39,384.52
452,175,"San Antonio",2024-04-23,512.93,"none",0,41.03,553.96
453,121,"San Antonio",2024-01-29,33,"none",0,2.64,35.64
454,30,"Houston",2024-04-01,759.94,"coupon",75.99,60.8,744.75
455,119,"Austin",2024-02-21,747.93,"sale",74.79,59.83,732.97
456,446,"San Antonio",2024-05-15,29.5,"sale",2.95,2.36,28.91
457,406,"Dallas",2024-02-21,1501.61,"coupon",150.16,120.13,1471.58
458,374,"San Antonio",2024-07-26,315.95,"none",0,25.28,341.23
459,78,"Fort Worth",2024-07-17,641,"coupon",64.1,51.28,628.18
460,63,"Houston",2024-02-29,88.98,"loyalty",8.9,7.12,87.2
461,488,"Fort Worth",2024-12-11,133.5,"none",0,10.68,144.18
462,219,"San Antonio",2024-08-17,155.96,"coupon",15.6,12.48,152.84
463,233,"Fort Worth",2024-01-24,23.96,"sale",2.4,1.92,23.48
464,83,"Houston",2024-03-07,783.79,"none",0,62.7,846.49
465,293,"Houston",2024-09-01,602.57,"loyalty",60.26,48.21,590.52
466,136,"Fort Worth",2024-11-27,1355.73,"none",0,108.46,1464.19
467,116,"Fort Worth",2024-10-25,43.98,"none",0,3.52,47.5
468,346,"Houston",2024-06-10,154.5,"none",0,12.36,166.86
469,142,"Austin",2024-02-28,42.58,"loyalty",4.26,3.41,41.73
470,406,"Austin",2024-03-01,477.5,"none",0,38.2,515.7
471,47,"San Antonio",2024-06-24,124.29,"none",0,9.94,134.23
472,412,"Houston",2024-05-24,307.64,"none",0,24.61,332.25
473,214,"San Antonio",2024-10-17,200.5,"none",0,16.04,216.54
474,378,"Dallas",2024-10-08,568.94,"loyalty",56.89,45.52,557.57
475,332,"Austin",2024-05-26,868.55,"none",0,69.48,938.03
476,223,"San Antonio",2024-08-18,1133.49,"loyalty",113.35,90.68,1110.82
477,314,"Austin",2024-05-31,602.87,"coupon",60.29,48.23,590.81
478,1,"Fort Worth",2024-05-13,339.05,"none",0,27.12,366.17
479,109,"Fort Worth",2024-08-15,68.37,"sale",6.84,5.47,67
480,353,"Fort Worth",2024-12-15,218.94,"none",0,17.52,236.46
481,108,"San Antonio",2024-06-23,432.79,"none",0,34.62,467.41
482,407,"Houston",2024-08-15,158.5,"none",0,12.68,171.18
483,154,"Fort Worth",2024-04-15,550.79,"coupon",55.08,44.06,539.77
484,344,"Fort Worth",2024-05-29,595.5,"none",0,47.64,643.14
485,467,"Fort Worth",2024-06-11,452.28,"sale",45.23,36.18,443.23
486,58,"Houston",2024-04-13,206.29,"none",0,16.5,222.79
487,64,"San Antonio",2024-12-21,738.29,"none",0,59.06,797.35
488,340,"Austin",2024-11-19,100.77,"coupon",10.08,8.06,98.75
489,215,"Austin",2024-10-23,705.63,"none",0,56.45,762.08
490,418,"Fort Worth",2024-09-16,228.5,"coupon",22.85,18.28,223.93
491,486,"Houston",2024-03-06,397.47,"coupon",39.75,31.8,389.52
492,36,"Houston",2024-01-24,329.16,"none",0,26.33,355.49
493,230,"Fort Worth",2024-02-09,979.55,"loyalty",97.96,78.36,959.95
494,351,"San Antonio",2024-11-06,218.16,"sale",21.82,17.45,213.79
495,44,"Dallas",2024-05-11,970.49,"coupon",97.05,77.64,951.08
496,497,"Fort Worth",2024-10-14,163.77,"sale",16.38,13.1,160.49
497,127,"Fort Worth",2024-11-28,368.57,"sale",36.86,29.49,361.2
498,25,"Dallas",2024-08-19,35,"none",0,2.8,37.8
499,344,"San Antonio",2024-08-13,411.5,"coupon",41.15,32.92,403.27
500,394,"Austin",2024-01-25,323.29,"none",0,25.86,349.15
501,177,"Fort Worth",2024-03-29,148,"sale",14.8,11.84,145.04
502,184,"Fort Worth",2024-05-30,249.58,"coupon",24.96,19.97,244.59
503,144,"Austin",2024-10-23,75,"coupon",7.5,6,73.5
504,40,"Dallas",2024-05-18,110.98,"none",0,8.88,119.86
505,183,"San Antonio",2024-06-12,78.5,"coupon",7.85,6.28,76.93
506,90,"Austin",2024-07-27,262.47,"loyalty",26.25,21,257.22
507,269,"Austin",2024-02-18,167.77,"coupon",16.78,13.42,164.41
508,252,"Austin",2024-01-05,1025.08,"coupon",102.51,82.01,1004.58
509,473,"Austin",2024-09-05,601.49,"sale",60.15,48.12,589.46
510,171,"Austin",2024-11-01,94,"loyalty",9.4,7.52,92.12
511,233,"Austin",2024-12-08,107.98,"none",0,8.64,116.62
512,42,"Fort Worth",2024-01-22,416.08,"none",0,33.29,449.37
513,431,"Fort Worth",2024-09-01,694.49,"none",0,55.56,750.05
514,198,"Dallas",2024-05-21,848.47,"none",0,67.88,916.35
515,368,"Austin",2024-07-29,424.53,"coupon",42.45,33.96,416.04
516,86,"Austin",2024-02-20,1273.12,"coupon",127.31,101.85,1247.66
517,228,"Houston",2024-04-03,663.49,"loyalty",66.35,53.08,650.22
518,386,"Dallas",2024-04-24,936.7,"coupon",93.67,74.94,917.97
519,32,"Austin",2024-09-18,542.79,"loyalty",54.28,43.42,531.93
520,408,"Houston",2024-03-10,471.29,"none",0,37.7,508.99
521,151,"San Antonio",2024-02-22,71.15,"coupon",7.11,5.69,69.73
522,183,"Houston",2024-07-29,859.29,"coupon",85.93,68.74,842.1
523,157,"San Antonio",2024-01-18,864.58,"coupon",86.46,69.17,847.29
524,19,"Austin",2024-06-08,26.5,"none",0,2.12,28.62
525,260,"San Antonio",2024-06-25,58.5,"none",0,4.68,63.18
526,340,"Houston",2024-06-19,392.47,"sale",39.25,31.4,384.62
527,452,"Houston",2024-06-26,443.35,"none",0,35.47,478.82
528,13,"Austin",2024-09-26,351.35,"none",0,28.11,379.46
529,495,"San Antonio",2024-12-28,225.46,"loyalty",22.55,18.04,220.95
530,152,"Dallas",2024-11-03,782.93,"sale",78.29,62.63,767.27
531,470,"Fort Worth",2024-02-10,245,"sale",24.5,19.6,240.1
532,344,"San Antonio",2024-11-11,64.98,"loyalty",6.5,5.2,63.68
533,224,"Fort Worth",2024-07-26,180,"coupon",18,14.4,176.4
534,409,"Austin",2024-09-07,107,"loyalty",10.7,8.56,104.86
535,20,"Austin",2024-10-15,730.46,"sale",73.05,58.44,715.85
536,370,"Dallas",2024-05-27,53.99,"none",0,4.32,58.31
537,175,"Dallas",2024-11-08,55.98,"loyalty",5.6,4.48,54.86
538,415,"Dallas",2024-03-10,11.99,"coupon",1.2,0.96,11.75
539,268,"Fort Worth",2024-06-30,1144.87,"sale",114.49,91.59,1121.97
540,138,"Austin",2024-02-13,1400.5,"sale",140.05,112.04,1372.49
541,401,"Houston",2024-03-24,192.91,"sale",19.29,15.43,189.05
542,46,"San Antonio",2024-11-27,54,"none",0,4.32,58.32
543,417,"Dallas",2024-06-22,210.29,"coupon",21.03,16.82,206.08
544,139,"Austin",2024-07-16,159.96,"coupon",16,12.8,156.76
545,377,"San Antonio",2024-12-22,330.06,"coupon",33.01,26.4,323.45
546,483,"Dallas",2024-12-21,699.99,"sale",70,56,685.99
547,41,"Houston",2024-09-07,214.98,"none",0,17.2,232.18
548,428,"Austin",2024-10-12,177.99,"sale",17.8,14.24,174.43
549,402,"San Antonio",2024-01-08,7.5,"loyalty",0.75,0.6,7.35
550,193,"Fort Worth",2024-09-23,94.48,"none",0,7.56,102.04
551,164,"Fort Worth",2024-12-03,275,"loyalty",27.5,22,269.5
552,103,"Houston",2024-06-10,689.58,"none",0,55.17,744.75
553,285,"Austin",2024-09-15,183.58,"loyalty",18.36,14.69,179.91
554,445,"Dallas",2024-10-25,406.32,"loyalty",40.63,32.51,398.2
555,265,"Dallas",2024-06-27,127,"sale",12.7,10.16,124.46
556,294,"Dallas",2024-11-04,831.14,"loyalty",83.11,66.49,814.52
557,333,"San Antonio",2024-06-29,182.5,"loyalty",18.25,14.6,178.85
558,265,"Dallas",2024-01-07,144,"none",0,11.52,155.52
559,255,"Dallas",2024-06-10,1542.66,"loyalty",154.27,123.41,1511.8
560,9,"Fort Worth",2024-06-23,670.73,"none",0,53.66,724.39
561,24,"San Antonio",2024-08-08,683.29,"none",0,54.66,737.95
562,465,"Dallas",2024-06-11,670.87,"sale",67.09,53.67,657.45
563,385,"Fort Worth",2024-04-22,297.96,"loyalty",29.8,23.84,292
564,101,"Dallas",2024-09-03,1277.87,"loyalty",127.79,102.23,1252.31
565,326,"Austin",2024-08-10,19.5,"loyalty",1.95,1.56,19.11
566,327,"Houston",2024-12-22,191.5,"sale",19.15,15.32,187.67
567,198,"Houston",2024-03-05,130.29,"none",0,10.42,140.71
568,407,"Fort Worth",2024-12-22,281.97,"none",0,22.56,304.53
569,274,"Houston",2024-07-31,239.27,"none",0,19.14,258.41
570,443,"Fort Worth",2024-09-27,459.98,"sale",46,36.8,450.78
571,277,"Dallas",2024-11-12,51,"loyalty",5.1,4.08,49.98
572,454,"Houston",2024-08-24,514.99,"loyalty",51.5,41.2,504.69
573,294,"San Antonio",2024-09-11,122.5,"none",0,9.8,132.3
574,212,"Dallas",2024-12-30,153.48,"loyalty",15.35,12.28,150.41
575,475,"Houston",2024-11-06,186.45,"none",0,14.92,201.37
576,355,"San Antonio",2024-10-07,45.98,"none",0,3.68,49.66
577,207,"Houston",2024-02-20,238.77,"none",0,19.1,257.87
578,10,"Austin",2024-02-04,1436.45,"none",0,114.92,1551.37
579,284,"Dallas",2024-07-09,1660.08,"none",0,132.81,1792.89
580,246,"Austin",2024-03-11,170,"coupon",17,13.6,166.6
581,440,"San Antonio",2024-09-24,286.27,"coupon",28.63,22.9,280.54
582,407,"Houston",2024-06-30,913.98,"none",0,73.12,987.1
583,428,"Houston",2024-02-22,163.05,"sale",16.31,13.04,159.78
584,184,"Houston",2024-11-03,1115.72,"none",0,89.26,1204.98
585,437,"Fort Worth",2024-12-10,93.98,"loyalty",9.4,7.52,92.1
586,76,"San Antonio",2024-04-11,178.47,"loyalty",17.85,14.28,174.9
587,141,"San Antonio",2024-02-25,528.96,"sale",52.9,42.32,518.38
588,334,"Dallas",2024-09-15,334.79,"sale",33.48,26.78,328.09
589,489,"Austin",2024-07-25,196.49,"loyalty",19.65,15.72,192.56
590,292,"Dallas",2024-02-03,987.85,"none",0,79.03,1066.88
591,264,"San Antonio",2024-07-24,123,"loyalty",12.3,9.84,120.54
592,31,"Fort Worth",2024-08-13,737.5,"coupon",73.75,59,722.75
593,485,"San Antonio",2024-07-19,899.28,"coupon",89.93,71.94,881.29
594,61,"Austin",2024-05-24,10.5,"none",0,0.84,11.34
595,45,"Dallas",2024-06-01,339.53,"none",0,27.16,366.69
596,441,"Houston",2024-11-27,587.95,"sale",58.8,47.04,576.19
597,255,"Austin",2024-09-03,136.87,"loyalty",13.69,10.95,134.13
598,169,"Houston",2024-12-15,1091.42,"coupon",109.14,87.31,1069.59
599,448,"San Antonio",2024-02-25,13.5,"sale",1.35,1.08,13.23
600,16,"Dallas",2024-07-23,117.37,"none",0,9.39,126.76
601,119,"San Antonio",2024-02-06,334.87,"none",0,26.79,361.66
602,344,"Houston",2024-08-16,1219.87,"coupon",121.99,97.59,1195.47
603,113,"Dallas",2024-04-03,201.46,"none",0,16.12,217.58
604,160,"Fort Worth",2024-06-24,381.43,"sale",38.14,30.51,373.8
605,87,"Fort Worth",2024-06-23,917,"none",0,73.36,990.36
606,401,"Houston",2024-10-30,264,"none",0,21.12,285.12
607,74,"Fort Worth",2024-11-23,324.43,"coupon",32.44,25.95,317.94
608,412,"Houston",2024-07-30,837.52,"none",0,67,904.52
609,166,"San Antonio",2024-12-11,155,"coupon",15.5,12.4,151.9
610,188,"Austin",2024-04-16,292.47,"loyalty",29.25,23.4,286.62
611,315,"Austin",2024-08-16,389.99,"coupon",39,31.2,382.19
612,49,"San Antonio",2024-08-14,612.98,"none",0,49.04,662.02
613,11,"Austin",2024-08-25,1206.35,"none",0,96.51,1302.86
614,497,"Fort Worth",2024-03-26,843.98,"loyalty",84.4,67.52,827.1
615,292,"Fort Worth",2024-05-27,705.29,"loyalty",70.53,56.42,691.18
616,391,"Dallas",2024-03-03,494.41,"coupon",49.44,39.55,484.52
617,446,"San Antonio",2024-07-09,553.05,"none",0,44.24,597.29
618,378,"Dallas",2024-08-01,636.28,"loyalty",63.63,50.9,623.55
619,490,"Austin",2024-01-30,223.94,"loyalty",22.39,17.92,219.47
620,23,"Dallas",2024-09-23,564,"sale",56.4,45.12,552.72
621,452,"Houston",2024-08-12,260.49,"sale",26.05,20.84,255.28
622,433,"Houston",2024-09-02,224.49,"none",0,17.96,242.45
623,388,"Houston",2024-04-18,973.95,"none",0,77.92,1051.87
624,189,"San Antonio",2024-05-11,312.58,"coupon",31.26,25.01,306.33
625,22,"Austin",2024-08-18,212.79,"coupon",21.28,17.02,208.53
626,183,"Fort Worth",2024-12-17,400,"loyalty",40,32,392
627,137,"Austin",2024-05-13,477.58,"none",0,38.21,515.79
628,426,"Houston",2024-03-13,1081.54,"none",0,86.52,1168.06
629,182,"San Antonio",2024-04-03,177.98,"none",0,14.24,192.22
630,153,"Fort Worth",2024-06-26,29.5,"none",0,2.36,31.86
631,380,"San Antonio",2024-05-31,485.99,"coupon",48.6,38.88,476.27
632,423,"Austin",2024-04-30,652.37,"coupon",65.24,52.19,639.32
633,229,"Austin",2024-05-10,583.81,"none",0,46.7,630.51
634,365,"San Antonio",2024-09-07,716.08,"loyalty",71.61,57.29,701.76
635,53,"Fort Worth",2024-11-11,311.07,"none",0,24.89,335.96
636,110,"Fort Worth",2024-06-20,163.74,"none",0,13.1,176.84
637,477,"Houston",2024-08-01,1924.75,"sale",192.48,153.98,1886.25
638,377,"Dallas",2024-07-01,47.37,"coupon",4.74,3.79,46.42
639,410,"Houston",2024-09-01,89.37,"coupon",8.94,7.15,87.58
640,209,"San Antonio",2024-09-08,501.93,"loyalty",50.19,40.15,491.89
641,297,"Houston",2024-02-09,410.37,"none",0,32.83,443.2
642,400,"Fort Worth",2024-02-11,1993.43,"sale",199.34,159.47,1953.56
643,445,"San Antonio",2024-12-07,173.97,"none",0,13.92,187.89
644,193,"Fort Worth",2024-06-03,228.97,"none",0,18.32,247.29
645,46,"Austin",2024-07-25,426,"sale",42.6,34.08,417.48
646,313,"Fort Worth",2024-12-15,534.48,"coupon",53.45,42.76,523.79
647,373,"San Antonio",2024-03-12,124.77,"sale",12.48,9.98,122.27
648,43,"Fort Worth",2024-03-22,409.77,"none",0,32.78,442.55
649,151,"Dallas",2024-08-15,461.5,"loyalty",46.15,36.92,452.27
650,308,"Houston",2024-11-01,279.87,"none",0,22.39,302.26
651,377,"Dallas",2024-10-22,230.37,"sale",23.04,18.43,225.76
652,459,"San Antonio",2024-02-25,1974.98,"sale",197.5,158,1935.48
653,238,"Dallas",2024-01-31,755,"sale",75.5,60.4,739.9
654,284,"Dallas",2024-10-12,1384.33,"none",0,110.75,1495.08
655,369,"Houston",2024-12-15,22.79,"none",0,1.82,24.61
656,429,"Austin",2024-08-14,45.58,"coupon",4.56,3.65,44.67
657,455,"Houston",2024-06-09,475.58,"none",0,38.05,513.63
658,29,"Fort Worth",2024-08-31,2110.87,"coupon",211.09,168.87,2068.65
659,252,"Houston",2024-11-14,92.35,"none",0,7.39,99.74
660,176,"San Antonio",2024-07-02,16.5,"coupon",1.65,1.32,16.17
661,423,"Fort Worth",2024-07-12,286.58,"none",0,22.93,309.51
662,404,"Houston",2024-10-09,479.58,"none",0,38.37,517.95
663,59,"Dallas",2024-05-15,667.35,"coupon",66.74,53.39,654
664,357,"San Antonio",2024-12-10,447,"none",0,35.76,482.76
665,118,"San Antonio",2024-01-13,10,"none",0,0.8,10.8
666,38,"Austin",2024-05-03,408.49,"coupon",40.85,32.68,400.32
667,468,"Fort Worth",2024-02-19,254.06,"loyalty",25.41,20.32,248.97
668,79,"Dallas",2024-05-03,989.35,"loyalty",98.94,79.15,969.56
669,324,"Austin",2024-06-25,521.99,"loyalty",52.2,41.76,511.55
670,87,"Dallas",2024-10-04,451.34,"none",0,36.11,487.45
671,11,"San Antonio",2024-10-18,222.92,"none",0,17.83,240.75
672,261,"Austin",2024-06-01,729.48,"none",0,58.36,787.84
673,44,"Houston",2024-01-11,915.44,"coupon",91.54,73.24,897.14
674,142,"San Antonio",2024-12-09,439.5,"none",0,35.16,474.66
675,211,"Dallas",2024-12-01,1002.79,"none",0,80.22,1083.01
676,294,"San Antonio",2024-08-12,63.76,"none",0,5.1,68.86
677,404,"Austin",2024-12-02,193.98,"loyalty",19.4,15.52,190.1
678,101,"San Antonio",2024-08-17,160.35,"sale",16.04,12.83,157.14
679,230,"San Antonio",2024-02-16,383.89,"none",0,30.71,414.6
680,225,"Dallas",2024-02-22,283.91,"loyalty",28.39,22.71,278.23
681,367,"Dallas",2024-09-06,447.97,"loyalty",44.8,35.84,439.01
682,358,"Austin",2024-12-03,1508.5,"none",0,120.68,1629.18
683,416,"Fort Worth",2024-02-25,263.96,"sale",26.4,21.12,258.68
684,444,"Dallas",2024-11-19,182.16,"sale",18.22,14.57,178.51
685,477,"Dallas",2024-06-13,871.16,"none",0,69.69,940.85
686,276,"Houston",2024-01-18,17,"coupon",1.7,1.36,16.66
687,262,"Austin",2024-10-28,695.96,"none",0,55.68,751.64
688,86,"Austin",2024-12-19,455.99,"sale",45.6,36.48,446.87
689,240,"San Antonio",2024-10-22,522.29,"none",0,41.78,564.07
690,127,"Fort Worth",2024-04-18,652.49,"sale",65.25,52.2,639.44
691,20,"Austin",2024-03-13,12,"none",0,0.96,12.96
692,318,"Houston",2024-03-14,229.96,"none",0,18.4,248.36
693,270,"Dallas",2024-05-07,187.98,"none",0,15.04,203.02
694,71,"Fort Worth",2024-03-23,328,"loyalty",32.8,26.24,321.44
695,142,"Fort Worth",2024-03-01,363.85,"coupon",36.39,29.11,356.57
696,292,"Fort Worth",2024-02-03,67.5,"sale",6.75,5.4,66.15
697,83,"Fort Worth",2024-08-19,374.56,"none",0,29.96,404.52
698,49,"San Antonio",2024-10-14,412.37,"sale",41.24,32.99,404.12
699,215,"Austin",2024-01-22,340.72,"coupon",34.07,27.26,333.91
700,178,"Houston",2024-01-31,89.97,"sale",9,7.2,88.17
701,423,"San Antonio",2024-01-02,713.24,"loyalty",71.32,57.06,698.98
702,131,"Houston",2024-02-22,179.16,"coupon",17.92,14.33,175.57
703,12,"Austin",2024-12-06,162.65,"none",0,13.01,175.66
704,432,"Fort Worth",2024-02-29,1765.13,"coupon",176.51,141.21,1729.83
705,168,"Fort Worth",2024-12-27,700.98,"none",0,56.08,757.06
706,316,"San Antonio",2024-09-14,189.58,"sale",18.96,15.17,185.79
707,274,"Houston",2024-04-28,406.98,"sale",40.7,32.56,398.84
708,189,"Austin",2024-04-30,243.49,"sale",24.35,19.48,238.62
709,93,"Fort Worth",2024-10-11,2200.79,"sale",220.08,176.06,2156.77
710,215,"San Antonio",2024-07-01,185,"loyalty",18.5,14.8,181.3
711,316,"Dallas",2024-06-30,1638.5,"sale",163.85,131.08,1605.73
712,261,"Houston",2024-04-07,229.98,"loyalty",23,18.4,225.38
713,330,"Houston",2024-12-06,1165.64,"loyalty",116.56,93.25,1142.33
714,365,"Fort Worth",2024-09-04,385.37,"none",0,30.83,416.2
715,244,"Dallas",2024-09-16,8.99,"none",0,0.72,9.71
716,193,"Fort Worth",2024-04-13,549.99,"sale",55,44,538.99
717,4,"Austin",2024-07-31,734,"none",0,58.72,792.72
718,2,"Austin",2024-12-15,80.97,"none",0,6.48,87.45
719,498,"Fort Worth",2024-01-14,594.97,"coupon",59.5,47.6,583.07
720,54,"Houston",2024-07-05,327.55,"loyalty",32.75,26.2,321
721,210,"Fort Worth",2024-11-10,1185.54,"sale",118.55,94.84,1161.83
722,359,"Dallas",2024-04-11,1349.72,"none",0,107.98,1457.7
723,372,"Austin",2024-05-12,741.37,"loyalty",74.14,59.31,726.54
724,436,"Dallas",2024-12-01,32.97,"sale",3.3,2.64,32.31
725,304,"Houston",2024-01-30,171.93,"sale",17.19,13.75,168.49
726,379,"San Antonio",2024-07-06,214.5,"sale",21.45,17.16,210.21
727,424,"Houston",2024-06-02,537,"coupon",53.7,42.96,526.26
728,307,"San Antonio",2024-02-27,654.37,"none",0,52.35,706.72
729,397,"Austin",2024-06-13,599.74,"none",0,47.98,647.72
730,12,"Houston",2024-03-03,330.96,"none",0,26.48,357.44
731,209,"Fort Worth",2024-11-09,241.98,"loyalty",24.2,19.36,237.14
732,438,"Austin",2024-09-08,605.94,"coupon",60.59,48.48,593.83
733,324,"Houston",2024-02-14,660.16,"sale",66.02,52.81,646.95
734,463,"Fort Worth",2024-02-13,51.98,"loyalty",5.2,4.16,50.94
735,87,"Fort Worth",2024-04-15,50.99,"sale",5.1,4.08,49.97
736,158,"San Antonio",2024-12-10,875.23,"loyalty",87.52,70.02,857.73
737,403,"Dallas",2024-12-06,27,"coupon",2.7,2.16,26.46
738,495,"Fort Worth",2024-03-07,520.75,"coupon",52.08,41.66,510.33
739,162,"Fort Worth",2024-11-30,1292.45,"coupon",129.24,103.4,1266.61
740,1,"Fort Worth",2024-01-25,549.96,"sale",55,44,538.96
741,497,"Houston",2024-11-17,902,"none",0,72.16,974.16
742,75,"Fort Worth",2024-01-22,161.97,"none",0,12.96,174.93
743,25,"Austin",2024-12-14,222.96,"none",0,17.84,240.8
744,299,"Houston",2024-02-28,221.35,"none",0,17.71,239.06
745,161,"Houston",2024-07-31,52.5,"sale",5.25,4.2,51.45
746,264,"Houston",2024-09-17,57.97,"coupon",5.8,4.64,56.81
747,398,"Fort Worth",2024-04-12,297.91,"none",0,23.83,321.74
748,35,"San Antonio",2024-01-10,50.97,"none",0,4.08,55.05
749,348,"Fort Worth",2024-09-17,35,"none",0,2.8,37.8
750,475,"Dallas",2024-04-24,607.16,"loyalty",60.72,48.57,595.01
751,139,"Fort Worth",2024-11-08,49,"coupon",4.9,3.92,48.02
752,125,"Fort Worth",2024-06-21,35,"none",0,2.8,37.8
753,80,"San Antonio",2024-12-29,952.86,"none",0,76.23,1029.09
754,36,"San Antonio",2024-01-29,307.78,"loyalty",30.78,24.62,301.62
755,279,"Fort Worth",2024-01-10,181.5,"none",0,14.52,196.02
756,245,"Austin",2024-07-29,359.29,"loyalty",35.93,28.74,352.1
757,248,"Fort Worth",2024-08-10,153.79,"none",0,12.3,166.09
758,445,"Austin",2024-01-02,213.57,"sale",21.36,17.09,209.3
759,19,"Austin",2024-09-29,2992.19,"coupon",299.22,239.38,2932.35
760,102,"Fort Worth",2024-01-18,413,"loyalty",41.3,33.04,404.74
761,257,"San Antonio",2024-06-24,209.37,"coupon",20.94,16.75,205.18
762,119,"Houston",2024-12-09,207.48,"none",0,16.6,224.08
763,288,"Houston",2024-01-22,1384.37,"coupon",138.44,110.75,1356.68
764,242,"Austin",2024-12-15,728.25,"none",0,58.26,786.51
765,285,"Austin",2024-10-09,224.53,"coupon",22.45,17.96,220.04
766,73,"Fort Worth",2024-11-07,134.43,"loyalty",13.44,10.75,131.74
767,73,"Fort Worth",2024-03-20,125.96,"coupon",12.6,10.08,123.44
768,207,"Dallas",2024-12-29,576.26,"none",0,46.1,622.36
769,342,"San Antonio",2024-09-10,13,"coupon",1.3,1.04,12.74
770,327,"Fort Worth",2024-04-15,370.32,"loyalty",37.03,29.63,362.92
771,458,"San Antonio",2024-10-26,320.77,"none",0,25.66,346.43
772,407,"San Antonio",2024-12-17,541.25,"none",0,43.3,584.55
773,338,"Houston",2024-11-25,208.78,"loyalty",20.88,16.7,204.6
774,404,"San Antonio",2024-02-16,50,"loyalty",5,4,49
775,65,"Dallas",2024-01-22,585.27,"loyalty",58.53,46.82,573.56
776,126,"Austin",2024-10-26,475.45,"sale",47.55,38.04,465.94
777,166,"Dallas",2024-11-10,210.87,"coupon",21.09,16.87,206.65
778,204,"Dallas",2024-01-17,924.37,"none",0,73.95,998.32
779,318,"San Antonio",2024-03-23,282.15,"none",0,22.57,304.72
780,405,"Austin",2024-09-14,436.95,"none",0,34.96,471.91
781,130,"Houston",2024-02-06,17.99,"none",0,1.44,19.43
782,410,"Dallas",2024-01-06,735.46,"coupon",73.55,58.84,720.75
783,8,"San Antonio",2024-11-27,733.96,"none",0,58.72,792.68
784,328,"San Antonio",2024-01-18,183.99,"sale",18.4,14.72,180.31
785,406,"Houston",2024-11-15,728.57,"sale",72.86,58.29,714
786,231,"Houston",2024-02-14,167,"loyalty",16.7,13.36,163.66
787,102,"Fort Worth",2024-05-27,900.85,"sale",90.09,72.07,882.83
788,10,"Dallas",2024-03-25,29.5,"none",0,2.36,31.86
789,142,"San Antonio",2024-10-11,650.65,"coupon",65.06,52.05,637.64
790,458,"Fort Worth",2024-07-29,285,"sale",28.5,22.8,279.3
791,467,"Dallas",2024-03-12,266,"none",0,21.28,287.28
792,272,"Houston",2024-06-04,257.58,"loyalty",25.76,20.61,252.43
793,110,"Austin",2024-06-10,68.98,"coupon",6.9,5.52,67.6
794,245,"Fort Worth",2024-11-28,705,"loyalty",70.5,56.4,690.9
795,401,"Dallas",2024-06-18,330.58,"sale",33.06,26.45,323.97
796,204,"Dallas",2024-12-06,31,"loyalty",3.1,2.48,30.38
797,52,"San Antonio",2024-05-22,356.97,"loyalty",35.7,28.56,349.83
798,141,"Fort Worth",2024-10-21,299.08,"coupon",29.91,23.93,293.1
799,181,"Austin",2024-10-08,366.98,"none",0,29.36,396.34
800,130,"Austin",2024-05-04,224.66,"sale",22.47,17.97,220.16
801,236,"Houston",2024-12-09,699.06,"none",0,55.92,754.98
802,183,"Fort Worth",2024-07-03,666.36,"loyalty",66.64,53.31,653.03
803,61,"Dallas",2024-04-28,214,"none",0,17.12,231.12
804,24,"San Antonio",2024-06-11,247.78,"none",0,19.82,267.6
805,132,"San Antonio",2024-06-27,595.31,"coupon",59.53,47.62,583.4
806,485,"Houston",2024-11-04,306.42,"coupon",30.64,24.51,300.29
807,245,"Fort Worth",2024-12-13,179.55,"none",0,14.36,193.91
808,239,"Austin",2024-06-21,438.5,"sale",43.85,35.08,429.73
809,375,"Fort Worth",2024-05-15,647.5,"loyalty",64.75,51.8,634.55
810,334,"Austin",2024-03-23,254,"sale",25.4,20.32,248.92
811,25,"Dallas",2024-01-02,970.01,"sale",97,77.6,950.61
812,348,"Austin",2024-09-16,177.98,"none",0,14.24,192.22
813,182,"San Antonio",2024-09-11,523,"coupon",52.3,41.84,512.54
814,443,"San Antonio",2024-01-06,89.5,"sale",8.95,7.16,87.71
815,388,"Austin",2024-03-09,242.5,"sale",24.25,19.4,237.65
816,70,"Austin",2024-07-15,784.99,"none",0,62.8,847.79
817,148,"San Antonio",2024-02-28,97,"none",0,7.76,104.76
818,64,"Austin",2024-03-31,302.58,"sale",30.26,24.21,296.53
819,295,"San Antonio",2024-12-03,466.24,"none",0,37.3,503.54
820,281,"Houston",2024-05-12,219.5,"coupon",21.95,17.56,215.11
821,345,"Fort Worth",2024-12-29,1569.66,"loyalty",156.97,125.57,1538.26
822,156,"Austin",2024-09-22,1973.16,"none",0,157.85,2131.01
823,303,"Houston",2024-02-24,350.24,"coupon",35.02,28.02,343.24
824,496,"Fort Worth",2024-08-04,53.78,"sale",5.38,4.3,52.7
825,372,"Austin",2024-11-06,187.79,"none",0,15.02,202.81
826,38,"Fort Worth",2024-09-25,282.99,"none",0,22.64,305.63
827,226,"Houston",2024-06-18,143.5,"coupon",14.35,11.48,140.63
828,27,"Fort Worth",2024-07-06,266.66,"none",0,21.33,287.99
829,170,"San Antonio",2024-07-22,103.98,"coupon",10.4,8.32,101.9
830,367,"San Antonio",2024-03-14,184,"none",0,14.72,198.72
831,3,"Fort Worth",2024-11-21,298,"coupon",29.8,23.84,292.04
832,386,"Austin",2024-02-26,359.05,"loyalty",35.91,28.72,351.86
833,232,"Fort Worth",2024-08-01,612,"coupon",61.2,48.96,599.76
834,361,"Dallas",2024-06-25,365.29,"sale",36.53,29.22,357.98
835,334,"Houston",2024-03-13,647.06,"loyalty",64.71,51.76,634.11
836,287,"Dallas",2024-12-24,926.77,"none",0,74.14,1000.91
837,352,"San Antonio",2024-04-26,21.98,"sale",2.2,1.76,21.54
838,329,"Dallas",2024-01-17,818.27,"loyalty",81.83,65.46,801.9
839,145,"Fort Worth",2024-10-02,457.79,"coupon",45.78,36.62,448.63
840,49,"San Antonio",2024-07-26,537.29,"sale",53.73,42.98,526.54
841,482,"Dallas",2024-01-04,299.34,"loyalty",29.93,23.95,293.36
842,369,"Austin",2024-04-20,478.77,"loyalty",47.88,38.3,469.19
843,307,"Austin",2024-11-11,25.79,"sale",2.58,2.06,25.27
844,60,"San Antonio",2024-03-25,55.58,"coupon",5.56,4.45,54.47
845,276,"Austin",2024-01-22,14.97,"coupon",1.5,1.2,14.67
846,132,"Houston",2024-09-17,213.97,"coupon",21.4,17.12,209.69
847,450,"San Antonio",2024-07-05,391.94,"coupon",39.19,31.36,384.11
848,5,"Dallas",2024-05-28,893.91,"none",0,71.51,965.42
849,119,"San Antonio",2024-06-04,111,"none",0,8.88,119.88
850,66,"Dallas",2024-11-30,522.74,"none",0,41.82,564.56
851,164,"Fort Worth",2024-11-26,349.49,"sale",34.95,27.96,342.5
852,364,"Fort Worth",2024-03-20,316.5,"none",0,25.32,341.82
853,496,"Austin",2024-07-29,34,"loyalty",3.4,2.72,33.32
854,358,"Houston",2024-01-15,261.29,"none",0,20.9,282.19
855,253,"Austin",2024-07-16,78.99,"sale",7.9,6.32,77.41
856,219,"Austin",2024-02-11,114.5,"loyalty",11.45,9.16,112.21
857,475,"Fort Worth",2024-10-04,1052.36,"loyalty",105.24,84.19,1031.31
858,61,"Dallas",2024-02-10,601.98,"sale",60.2,48.16,589.94
859,38,"San Antonio",2024-03-15,535.47,"none",0,42.84,578.31
860,445,"Fort Worth",2024-10-07,1494.42,"coupon",149.44,119.55,1464.53
861,213,"Austin",2024-06-03,139.79,"coupon",13.98,11.18,136.99
862,22,"San Antonio",2024-07-19,176,"none",0,14.08,190.08
863,324,"Houston",2024-11-18,824.78,"none",0,65.98,890.76
864,235,"Fort Worth",2024-09-23,33,"none",0,2.64,35.64
865,309,"Austin",2024-10-02,32.97,"coupon",3.3,2.64,32.31
866,136,"Dallas",2024-08-07,679.69,"coupon",67.97,54.38,666.1
867,79,"Austin",2024-02-06,151.08,"coupon",15.11,12.09,148.06
868,58,"Fort Worth",2024-10-29,83.99,"sale",8.4,6.72,82.31
869,254,"Austin",2024-09-27,101.79,"none",0,8.14,109.93
870,275,"San Antonio",2024-11-19,412.79,"none",0,33.02,445.81
871,71,"Dallas",2024-01-31,325,"coupon",32.5,26,318.5
872,85,"Fort Worth",2024-10-30,199.47,"none",0,15.96,215.43
873,381,"Dallas",2024-04-10,297.43,"none",0,23.79,321.22
874,264,"Dallas",2024-05-02,356.78,"none",0,28.54,385.32
875,431,"Dallas",2024-11-20,314.36,"coupon",31.44,25.15,308.07
876,337,"Fort Worth",2024-03-11,548.28,"sale",54.83,43.86,537.31
877,7,"Austin",2024-01-05,486.5,"none",0,38.92,525.42
878,347,"Houston",2024-09-15,963.32,"none",0,77.07,1040.39
879,446,"Fort Worth",2024-01-14,306.75,"none",0,24.54,331.29
880,316,"Dallas",2024-10-28,496,"sale",49.6,39.68,486.08
881,54,"Fort Worth",2024-11-26,533.99,"loyalty",53.4,42.72,523.31
882,461,"Houston",2024-03-01,584.94,"coupon",58.49,46.8,573.25
883,338,"Dallas",2024-03-16,96.48,"sale",9.65,7.72,94.55
884,75,"Dallas",2024-10-18,465,"coupon",46.5,37.2,455.7
885,373,"Houston",2024-11-22,895.4,"none",0,71.63,967.03
886,472,"San Antonio",2024-03-30,220.37,"sale",22.04,17.63,215.96
887,211,"Houston",2024-06-07,336.49,"coupon",33.65,26.92,329.76
888,149,"Dallas",2024-05-25,212.79,"none",0,17.02,229.81
889,130,"Dallas",2024-08-31,185.54,"coupon",18.55,14.84,181.83
890,112,"San Antonio",2024-04-21,127.48,"sale",12.75,10.2,124.93
891,283,"Austin",2024-10-16,1469.71,"none",0,117.58,1587.29
892,379,"Fort Worth",2024-05-04,905.37,"sale",90.54,72.43,887.26
893,335,"Dallas",2024-04-04,1186.51,"none",0,94.92,1281.43
894,274,"San Antonio",2024-01-02,244.57,"none",0,19.57,264.14
895,406,"Fort Worth",2024-05-19,110.94,"none",0,8.88,119.82
896,380,"Austin",2024-08-07,179.16,"none",0,14.33,193.49
897,11,"Dallas",2024-05-04,568.47,"coupon",56.85,45.48,557.1
898,191,"Fort Worth",2024-03-05,713.99,"coupon",71.4,57.12,699.71
899,26,"Houston",2024-12-31,322.99,"loyalty",32.3,25.84,316.53
900,399,"Austin",2024-04-07,182.95,"none",0,14.64,197.59
901,462,"Austin",2024-07-20,729.42,"sale",72.94,58.35,714.83
902,272,"Dallas",2024-02-19,841.98,"loyalty",84.2,67.36,825.14
903,427,"Houston",2024-09-06,660,"coupon",66,52.8,646.8
904,292,"Fort Worth",2024-06-13,382,"none",0,30.56,412.56
905,335,"Austin",2024-05-14,410.49,"sale",41.05,32.84,402.28
906,256,"Austin",2024-05-21,202.36,"coupon",20.24,16.19,198.31
907,382,"Austin",2024-05-28,487.97,"sale",48.8,39.04,478.21
908,452,"San Antonio",2024-10-29,710.97,"none",0,56.88,767.85
909,411,"San Antonio",2024-12-01,267.76,"none",0,21.42,289.18
910,36,"San Antonio",2024-10-05,492.93,"coupon",49.29,39.43,483.07
911,2,"Houston",2024-05-14,250.74,"coupon",25.07,20.06,245.73
912,27,"Austin",2024-09-10,140.97,"loyalty",14.1,11.28,138.15
913,434,"Austin",2024-07-04,480.97,"sale",48.1,38.48,471.35
914,289,"San Antonio",2024-01-08,48.79,"none",0,3.9,52.69
915,157,"San Antonio",2024-08-24,509,"sale",50.9,40.72,498.82
916,480,"Houston",2024-08-16,1313.97,"coupon",131.4,105.12,1287.69
917,296,"Houston",2024-05-01,4,"coupon",0.4,0.32,3.92
918,266,"San Antonio",2024-01-10,90,"coupon",9,7.2,88.2
919,192,"Fort Worth",2024-12-22,1542.74,"coupon",154.27,123.42,1511.89
920,160,"Houston",2024-12-28,871.5,"coupon",87.15,69.72,854.07
921,405,"San Antonio",2024-01-29,887.79,"none",0,71.02,958.81
922,21,"Austin",2024-07-15,49,"loyalty",4.9,3.92,48.02
923,182,"Fort Worth",2024-12-23,756.48,"coupon",75.65,60.52,741.35
924,429,"Austin",2024-02-10,454.98,"none",0,36.4,491.38
925,349,"Austin",2024-05-12,164.99,"coupon",16.5,13.2,161.69
926,343,"Dallas",2024-07-01,44,"none",0,3.52,47.52
927,175,"Austin",2024-11-30,365.98,"coupon",36.6,29.28,358.66
928,278,"Houston",2024-07-28,308.15,"sale",30.81,24.65,301.99
929,69,"Austin",2024-01-09,413.79,"coupon",41.38,33.1,405.51
930,393,"Fort Worth",2024-11-09,1202.28,"coupon",120.23,96.18,1178.23
931,444,"Austin",2024-10-30,1169.95,"loyalty",117,93.6,1146.55
932,103,"Austin",2024-11-17,663.74,"none",0,53.1,716.84
933,386,"Houston",2024-10-23,792.97,"loyalty",79.3,63.44,777.11
934,299,"Houston",2024-01-01,9.99,"none",0,0.8,10.79
935,479,"Houston",2024-02-07,305.83,"coupon",30.58,24.47,299.72
936,80,"Houston",2024-11-01,6,"none",0,0.48,6.48
937,263,"Austin",2024-03-21,1396.08,"loyalty",139.61,111.69,1368.16
938,437,"Fort Worth",2024-01-12,351.5,"none",0,28.12,379.62
939,435,"Dallas",2024-07-30,145.79,"none",0,11.66,157.45
940,12,"San Antonio",2024-10-04,37.98,"loyalty",3.8,3.04,37.22
941,488,"Austin",2024-11-15,533.58,"none",0,42.69,576.27
942,246,"Dallas",2024-01-23,377.5,"sale",37.75,30.2,369.95
943,195,"Houston",2024-03-22,97.99,"none",0,7.84,105.83
944,209,"San Antonio",2024-05-31,151.97,"none",0,12.16,164.13
945,47,"Houston",2024-05-30,716.5,"none",0,57.32,773.82
946,81,"Fort Worth",2024-07-31,1349.08,"sale",134.91,107.93,1322.1
947,203,"Houston",2024-12-10,736.58,"loyalty",73.66,58.93,721.85
948,171,"San Antonio",2024-12-27,1523.4,"coupon",152.34,121.87,1492.93
949,208,"Fort Worth",2024-02-17,419.57,"none",0,33.57,453.14
950,153,"Dallas",2024-04-10,17,"loyalty",1.7,1.36,16.66
951,281,"Houston",2024-10-30,313.96,"none",0,25.12,339.08
952,78,"San Antonio",2024-12-28,457.5,"coupon",45.75,36.6,448.35
953,479,"Dallas",2024-09-03,264.79,"sale",26.48,21.18,259.49
954,22,"Dallas",2024-01-29,229,"none",0,18.32,247.32
955,187,"Austin",2024-02-19,424.97,"none",0,34,458.97
956,482,"Austin",2024-05-03,679.36,"sale",67.94,54.35,665.77
957,323,"Dallas",2024-04-02,793.54,"none",0,63.48,857.02
958,31,"San Antonio",2024-04-01,841.98,"coupon",84.2,67.36,825.14
959,205,"Austin",2024-10-13,380,"loyalty",38,30.4,372.4
960,213,"Houston",2024-03-04,163.98,"none",0,13.12,177.1
961,255,"Fort Worth",2024-08-06,622.74,"sale",62.27,49.82,610.29
962,225,"Dallas",2024-09-10,51,"none",0,4.08,55.08
963,312,"Houston",2024-12-03,17.79,"coupon",1.78,1.42,17.43
964,70,"Dallas",2024-09-09,37,"loyalty",3.7,2.96,36.26
965,454,"Dallas",2024-04-10,666.35,"coupon",66.64,53.31,653.02
966,285,"Dallas",2024-01-05,159.56,"none",0,12.76,172.32
967,275,"Dallas",2024-01-16,443.05,"sale",44.31,35.44,434.18
968,59,"Houston",2024-03-02,563.73,"none",0,45.1,608.83
969,382,"Fort Worth",2024-11-08,13,"none",0,1.04,14.04
970,240,"Austin",2024-01-17,219.85,"none",0,17.59,237.44
971,391,"Dallas",2024-04-09,502.29,"coupon",50.23,40.18,492.24
972,24,"Fort Worth",2024-11-21,565.36,"none",0,45.23,610.59
973,410,"Austin",2024-07-19,1012.29,"none",0,80.98,1093.27
974,135,"Austin",2024-10-21,512.74,"none",0,41.02,553.76
975,142,"San Antonio",2024-12-16,1082.64,"loyalty",108.26,86.61,1060.99
976,322,"San Antonio",2024-09-09,560.5,"loyalty",56.05,44.84,549.29
977,475,"Houston",2024-05-26,500.49,"sale",50.05,40.04,490.48
978,4,"Dallas",2024-12-21,152.97,"none",0,12.24,165.21
979,176,"Fort Worth",2024-12-09,220.97,"sale",22.1,17.68,216.55
980,210,"Houston",2024-07-08,182.08,"none",0,14.57,196.65
981,229,"San Antonio",2024-02-19,135.05,"coupon",13.51,10.8,132.34
982,356,"Austin",2024-08-17,450.48,"none",0,36.04,486.52
983,460,"Houston",2024-10-28,172.77,"none",0,13.82,186.59
984,314,"Dallas",2024-02-19,363.49,"none",0,29.08,392.57
985,452,"San Antonio",2024-08-06,319.95,"none",0,25.6,345.55
986,379,"Houston",2024-12-25,138.79,"sale",13.88,11.1,136.01
987,69,"Austin",2024-03-25,172.99,"sale",17.3,13.84,169.53
988,77,"Austin",2024-06-01,502.69,"none",0,40.22,542.91
989,96,"San Antonio",2024-02-06,516,"none",0,41.28,557.28
990,217,"Dallas",2024-04-11,739.3,"coupon",73.93,59.14,724.51
991,44,"Austin",2024-07-13,897.08,"loyalty",89.71,71.77,879.14
992,112,"Houston",2024-04-24,603.48,"none",0,48.28,651.76
993,287,"Fort Worth",2024-08-07,1021.35,"sale",102.14,81.71,1000.92
994,201,"Houston",2024-12-27,536.16,"none",0,42.89,579.05
995,283,"Houston",2024-08-10,154.5,"sale",15.45,12.36,151.41
996,415,"Fort Worth",2024-02-23,527.29,"none",0,42.18,569.47
997,322,"Dallas",2024-09-14,530.99,"sale",53.1,42.48,520.37
998,196,"San Antonio",2024-09-05,1207.79,"none",0,96.62,1304.41
999,355,"Austin",2024-04-28,17.99,"loyalty",1.8,1.44,17.63
1000,55,"Austin",2024-06-03,216.99,"coupon",21.7,17.36,212.65
1001,144,"Dallas",2024-03-28,-118.5,"none",0,-9.48,-127.98
1002,442,"Fort Worth",2024-09-15,-94,"loyalty",-9.4,-7.52,-92.12
1003,471,"Fort Worth",2024-03-09,-27,"loyalty",-2.7,-2.16,-26.46
1004,471,"Fort Worth",2024-03-23,-16.99,"loyalty",-1.7,-1.36,-16.65
1005,471,"Fort Worth",2024-03-21,-97,"loyalty",-9.7,-7.76,-95.06
1006,23,"Austin",2024-09-12,-28.99,"coupon",-2.9,-2.32,-28.41
1007,265,"San Antonio",2024-10-12,-173.99,"loyalty",-17.4,-13.92,-170.51
1008,265,"San Antonio",2024-10-25,-25,"loyalty",-2.5,-2,-24.5
1009,447,"Dallas",2024-07-01,-69.98,"none",0,-5.6,-75.58
1010,447,"Dallas",2024-07-26,-88,"none",0,-7.04,-95.04
1011,227,"Dallas",2024-09-08,-183.5,"none",0,-14.68,-198.18
1012,227,"Dallas",2024-09-26,-94.79,"none",0,-7.58,-102.37
1013,227,"Dallas",2024-09-11,-30,"none",0,-2.4,-32.4
1014,287,"Austin",2024-02-11,-68.79,"coupon",-6.88,-5.5,-67.41
1015,124,"Austin",2024-11-19,-29.99,"coupon",-3,-2.4,-29.39
1016,22,"San Antonio",2024-06-13,-463.5,"none",0,-37.08,-500.58
1017,164,"Austin",2024-10-30,-16,"none",0,-1.28,-17.28
1018,321,"Austin",2024-01-27,-118.5,"sale",-11.85,-9.48,-116.13
1019,498,"Dallas",2024-05-11,-7.5,"none",0,-0.6,-8.1
1020,355,"Dallas",2024-11-18,-136,"none",0,-10.88,-146.88
1021,355,"Dallas",2024-11-24,-92,"none",0,-7.36,-99.36
1022,273,"Austin",2024-11-29,-27.79,"coupon",-2.78,-2.22,-27.23
1023,145,"Dallas",2024-06-16,-181.5,"loyalty",-18.15,-14.52,-177.87
1024,452,"Austin",2024-06-07,-79,"loyalty",-7.9,-6.32,-77.42
1025,13,"San Antonio",2024-10-24,-25.5,"none",0,-2.04,-27.54
1026,109,"Austin",2024-02-25,-38.99,"sale",-3.9,-3.12,-38.21
1027,72,"Fort Worth",2024-08-08,-8.99,"loyalty",-0.9,-0.72,-8.81
1028,208,"San Antonio",2024-01-26,-172,"none",0,-13.76,-185.76
1029,208,"San Antonio",2024-01-22,-49,"none",0,-3.92,-52.92
1030,207,"Austin",2024-05-25,-5.5,"loyalty",-0.55,-0.44,-5.39
1031,207,"Austin",2024-05-24,-60,"loyalty",-6,-4.8,-58.8
1032,70,"Houston",2024-10-13,-47,"sale",-4.7,-3.76,-46.06
1033,133,"Fort Worth",2024-07-12,-358.99,"none",0,-28.72,-387.71
1034,429,"Fort Worth",2024-10-24,-12,"loyalty",-1.2,-0.96,-11.76
1035,429,"Fort Worth",2024-11-12,-25.5,"loyalty",-2.55,-2.04,-24.99
1036,222,"Fort Worth",2024-03-27,-29.79,"none",0,-2.38,-32.17
1037,222,"Fort Worth",2024-03-04,-79,"none",0,-6.32,-85.32
1038,222,"Fort Worth",2024-04-02,-158.79,"none",0,-12.7,-171.49
1039,281,"Austin",2024-02-28,-41,"sale",-4.1,-3.28,-40.18
1040,104,"Dallas",2024-11-08,-45.58,"none",0,-3.65,-49.23
1041,104,"Dallas",2024-11-11,-164.5,"none",0,-13.16,-177.66
1042,377,"Dallas",2024-10-07,-16,"coupon",-1.6,-1.28,-15.68
1043,448,"Dallas",2024-10-16,-184.79,"coupon",-18.48,-14.78,-181.09
1044,188,"San Antonio",2024-12-31,-8.79,"coupon",-0.88,-0.7,-8.61
1045,138,"Dallas",2024-01-21,-158.79,"sale",-15.88,-12.7,-155.61
1046,138,"Dallas",2024-02-12,-80,"sale",-8,-6.4,-78.4
1047,408,"Houston",2024-07-24,-16.5,"none",0,-1.32,-17.82
1048,406,"Austin",2024-06-15,-381,"none",0,-30.48,-411.48
1049,220,"Austin",2024-06-14,-23.96,"sale",-2.4,-1.92,-23.48
1050,378,"San Antonio",2024-11-14,-22.79,"none",0,-1.82,-24.61
1051,378,"San Antonio",2024-11-05,-80,"none",0,-6.4,-86.4
1052,315,"Fort Worth",2024-11-10,-225.5,"sale",-22.55,-18.04,-220.99
1053,356,"Fort Worth",2024-06-20,-99,"coupon",-9.9,-7.92,-97.02
1054,1,"Fort Worth",2024-05-30,-214,"loyalty",-21.4,-17.12,-209.72
1055,1,"Fort Worth",2024-05-12,-59.99,"loyalty",-6,-4.8,-58.79
1056,111,"San Antonio",2024-11-27,-47.79,"coupon",-4.78,-3.82,-46.83
1057,190,"Dallas",2024-08-08,-208.5,"loyalty",-20.85,-16.68,-204.33
1058,190,"Dallas",2024-08-20,-18.99,"loyalty",-1.9,-1.52,-18.61
1059,176,"Austin",2024-10-14,-235,"sale",-23.5,-18.8,-230.3
1060,56,"Dallas",2024-09-15,-79,"none",0,-6.32,-85.32
1061,56,"Dallas",2024-09-24,-47.79,"none",0,-3.82,-51.61
1062,122,"Dallas",2024-11-19,-33,"none",0,-2.64,-35.64
1063,122,"Dallas",2024-11-19,-6,"none",0,-0.48,-6.48
1064,395,"Austin",2024-04-19,-12.79,"none",0,-1.02,-13.81
1065,52,"San Antonio",2024-07-16,-39.96,"loyalty",-4,-3.2,-39.16
1066,218,"Dallas",2024-05-08,-106,"coupon",-10.6,-8.48,-103.88
1067,218,"Dallas",2024-04-28,-1827.96,"coupon",-182.8,-146.24,-1791.4
1068,493,"Houston",2024-12-19,-97,"none",0,-7.76,-104.76
1069,88,"Austin",2024-02-06,-99,"none",0,-7.92,-106.92
1070,172,"Houston",2024-07-11,-164.5,"none",0,-13.16,-177.66
1071,329,"Houston",2024-04-02,-2.5,"none",0,-0.2,-2.7
1072,47,"San Antonio",2024-01-25,-16.5,"loyalty",-1.65,-1.32,-16.17
1073,234,"Dallas",2024-07-11,-8,"loyalty",-0.8,-0.64,-7.84
1074,167,"San Antonio",2025-01-02,-24.79,"none",0,-1.98,-26.77
1075,167,"San Antonio",2025-01-14,-183.5,"none",0,-14.68,-198.18
1076,167,"San Antonio",2024-12-28,-37,"none",0,-2.96,-39.96
1077,446,"Austin",2024-07-29,-18.99,"coupon",-1.9,-1.52,-18.61
1078,446,"Austin",2024-08-08,-84.5,"coupon",-8.45,-6.76,-82.81
1079,458,"Austin",2024-11-14,-6.79,"none",0,-0.54,-7.33
1080,458,"Austin",2024-11-01,-17,"none",0,-1.36,-18.36
1081,206,"Fort Worth",2024-11-25,-143.37,"sale",-14.34,-11.47,-140.5
1082,74,"San Antonio",2024-04-07,-199.16,"sale",-19.92,-15.93,-195.17
1083,74,"San Antonio",2024-04-05,-284.37,"sale",-28.44,-22.75,-278.68
1084,468,"Houston",2024-02-14,-734.97,"coupon",-73.5,-58.8,-720.27
1085,468,"Houston",2024-02-10,-90,"coupon",-9,-7.2,-88.2
1086,72,"Dallas",2025-01-11,-10.99,"none",0,-0.88,-11.87
1087,478,"Fort Worth",2024-12-29,-53.58,"none",0,-4.29,-57.87
1088,293,"Dallas",2024-09-24,-287,"coupon",-28.7,-22.96,-281.26
1089,110,"Dallas",2024-12-27,-150.99,"none",0,-12.08,-163.07
1090,493,"Houston",2024-12-12,-17.58,"none",0,-1.41,-18.99
1091,493,"Houston",2024-11-25,-170.97,"none",0,-13.68,-184.65
1092,493,"Houston",2024-12-14,-21.99,"none",0,-1.76,-23.75
1093,78,"Fort Worth",2024-09-17,-92,"sale",-9.2,-7.36,-90.16
1094,46,"Austin",2024-06-18,-25,"loyalty",-2.5,-2,-24.5
1095,446,"Fort Worth",2024-09-18,-272,"none",0,-21.76,-293.76
1096,337,"San Antonio",2024-11-03,-98,"none",0,-7.84,-105.84
1097,261,"San Antonio",2024-09-01,-276,"coupon",-27.6,-22.08,-270.48
1098,394,"Dallas",2024-04-13,-17.99,"sale",-1.8,-1.44,-17.63
1099,394,"Dallas",2024-04-18,-206.5,"sale",-20.65,-16.52,-202.37
1100,394,"Dallas",2024-04-12,-146.5,"sale",-14.65,-11.72,-143.57
1101,92,"Fort Worth",2024-04-29,-128.37,"none",0,-10.27,-138.64
1102,116,"Austin",2024-03-08,-422,"none",0,-33.76,-455.76
1103,249,"Austin",2024-11-09,-21.58,"sale",-2.16,-1.73,-21.15
1104,249,"Austin",2024-11-27,-16.99,"sale",-1.7,-1.36,-16.65
1105,194,"San Antonio",2024-08-28,-38.99,"coupon",-3.9,-3.12,-38.21
1106,194,"San Antonio",2024-08-18,-49.98,"coupon",-5,-4,-48.98
1107,56,"Austin",2024-08-24,-21.58,"none",0,-1.73,-23.31
1108,109,"Fort Worth",2024-02-25,-97.58,"sale",-9.76,-7.81,-95.63
1109,223,"Austin",2024-05-18,-41.58,"none",0,-3.33,-44.91
1110,325,"Austin",2024-10-24,-13,"coupon",-1.3,-1.04,-12.74
1111,325,"Austin",2024-10-26,-915,"coupon",-91.5,-73.2,-896.7
1112,188,"Dallas",2024-04-09,-48,"coupon",-4.8,-3.84,-47.04
1113,371,"San Antonio",2024-09-17,-80,"none",0,-6.4,-86.4
1114,207,"Houston",2024-03-23,-38.99,"coupon",-3.9,-3.12,-38.21
1115,335,"Dallas",2024-04-21,-81,"sale",-8.1,-6.48,-79.38
1116,335,"Dallas",2024-04-29,-281.97,"sale",-28.2,-22.56,-276.33
1117,310,"Austin",2024-02-04,-225.5,"none",0,-18.04,-243.54
1118,265,"Dallas",2024-03-03,-16.99,"sale",-1.7,-1.36,-16.65
1119,265,"Dallas",2024-02-26,-317.58,"sale",-31.76,-25.41,-311.23
1120,157,"Dallas",2024-11-10,-60,"coupon",-6,-4.8,-58.8
1121,355,"San Antonio",2024-08-13,-90,"none",0,-7.2,-97.2
1122,355,"San Antonio",2024-07-29,-36.99,"none",0,-2.96,-39.95
1123,298,"San Antonio",2024-05-16,-16.5,"coupon",-1.65,-1.32,-16.17
1124,133,"Dallas",2024-03-10,-570,"sale",-57,-45.6,-558.6
1125,133,"Dallas",2024-03-16,-36.99,"sale",-3.7,-2.96,-36.25
1126,133,"Dallas",2024-03-04,-53.5,"sale",-5.35,-4.28,-52.43
1127,283,"San Antonio",2024-05-01,-53.99,"coupon",-5.4,-4.32,-52.91
1128,283,"San Antonio",2024-05-17,-229.5,"coupon",-22.95,-18.36,-224.91
1129,451,"Austin",2024-10-28,-56.99,"coupon",-5.7,-4.56,-55.85
1130,138,"Houston",2024-08-14,-102,"coupon",-10.2,-8.16,-99.96
1131,161,"Austin",2024-10-05,-77.98,"none",0,-6.24,-84.22
1132,161,"Austin",2024-09-27,-21.99,"none",0,-1.76,-23.75
1133,493,"Austin",2024-05-21,-194.79,"coupon",-19.48,-15.58,-190.89
1134,469,"Houston",2025-01-09,-45,"sale",-4.5,-3.6,-44.1
1135,234,"Houston",2024-10-09,-208.5,"coupon",-20.85,-16.68,-204.33
1136,204,"Fort Worth",2024-02-01,-76.5,"coupon",-7.65,-6.12,-74.97
1137,120,"Fort Worth",2024-06-11,-382.5,"sale",-38.25,-30.6,-374.85
1138,482,"Fort Worth",2024-08-09,-129,"coupon",-12.9,-10.32,-126.42
1139,258,"San Antonio",2024-05-18,-68.79,"none",0,-5.5,-74.29
1140,258,"San Antonio",2024-05-02,-6,"none",0,-0.48,-6.48
1141,441,"Fort Worth",2024-06-13,-77.98,"loyalty",-7.8,-6.24,-76.42
1142,145,"Houston",2024-09-11,-16.5,"coupon",-1.65,-1.32,-16.17
1143,86,"San Antonio",2024-01-28,-7.99,"loyalty",-0.8,-0.64,-7.83
1144,127,"Fort Worth",2024-02-09,-28.99,"coupon",-2.9,-2.32,-28.41
1145,109,"Dallas",2025-01-04,-717.98,"none",0,-57.44,-775.42
1146,351,"Fort Worth",2024-06-13,-13,"none",0,-1.04,-14.04
1147,176,"Dallas",2024-12-23,-241,"none",0,-19.28,-260.28
1148,205,"Fort Worth",2024-05-26,-9.99,"coupon",-1,-0.8,-9.79
1149,460,"Fort Worth",2024-01-16,-1143,"none",0,-91.44,-1234.44
1150,460,"Fort Worth",2024-02-01,-96,"none",0,-7.68,-103.68
1151,142,"Dallas",2024-12-03,-6.79,"none",0,-0.54,-7.33
1152,142,"Dallas",2024-12-03,-79.98,"none",0,-6.4,-86.38
1153,365,"Houston",2024-11-23,-34,"sale",-3.4,-2.72,-33.32
1154,344,"Fort Worth",2024-08-14,-142.5,"none",0,-11.4,-153.9
1155,344,"Fort Worth",2024-08-23,-80,"none",0,-6.4,-86.4
1156,239,"Austin",2024-04-20,-137.58,"none",0,-11.01,-148.59
1157,281,"Dallas",2024-09-28,-68.79,"none",0,-5.5,-74.29
1158,281,"Dallas",2024-09-06,-80,"none",0,-6.4,-86.4
1159,281,"Dallas",2024-09-18,-10.99,"none",0,-0.88,-11.87
1160,350,"Fort Worth",2024-05-15,-187.98,"sale",-18.8,-15.04,-184.22
1161,131,"Dallas",2024-11-22,-96.79,"none",0,-7.74,-104.53
1162,199,"Houston",2024-07-19,-53.99,"loyalty",-5.4,-4.32,-52.91
1163,77,"Fort Worth",2024-07-16,-25,"none",0,-2,-27
1164,86,"San Antonio",2025-01-29,-83.99,"none",0,-6.72,-90.71
1165,86,"San Antonio",2025-01-09,-6.99,"none",0,-0.56,-7.55
1166,485,"Houston",2024-08-30,-22,"coupon",-2.2,-1.76,-21.56
1167,485,"Houston",2024-08-09,-44,"coupon",-4.4,-3.52,-43.12
1168,484,"Houston",2024-05-24,-10.99,"none",0,-0.88,-11.87
1169,111,"Austin",2024-01-31,-96.79,"sale",-9.68,-7.74,-94.85
1170,111,"Austin",2024-01-22,-15,"sale",-1.5,-1.2,-14.7
1171,393,"Fort Worth",2024-03-10,-6.5,"none",0,-0.52,-7.02
1172,203,"Dallas",2024-12-20,-316.5,"none",0,-25.32,-341.82
1173,203,"Dallas",2024-11-28,-5,"none",0,-0.4,-5.4
1174,463,"Dallas",2024-01-23,-293,"coupon",-29.3,-23.44,-287.14
1175,441,"San Antonio",2024-04-22,-94.79,"sale",-9.48,-7.58,-92.89
1176,338,"Houston",2024-05-18,-42.79,"loyalty",-4.28,-3.42,-41.93
1177,11,"Houston",2024-06-15,-26.5,"none",0,-2.12,-28.62
1178,11,"Houston",2024-06-26,-206.37,"none",0,-16.51,-222.88
1179,11,"Houston",2024-07-01,-375.96,"none",0,-30.08,-406.04
1180,252,"Fort Worth",2024-06-03,-149,"none",0,-11.92,-160.92
1181,252,"Fort Worth",2024-06-02,-16.99,"none",0,-1.36,-18.35
1182,252,"Fort Worth",2024-05-05,-23.98,"none",0,-1.92,-25.9
1183,436,"Houston",2024-05-23,-5.5,"none",0,-0.44,-5.94
1184,4,"San Antonio",2024-05-09,-98,"none",0,-7.84,-105.84
1185,83,"Austin",2024-05-07,-44,"none",0,-3.52,-47.52
1186,368,"Austin",2024-11-02,-389.58,"sale",-38.96,-31.17,-381.79
1187,486,"San Antonio",2024-04-03,-48.79,"sale",-4.88,-3.9,-47.81
1188,486,"San Antonio",2024-03-16,-189.58,"sale",-18.96,-15.17,-185.79
1189,38,"Dallas",2024-09-14,-5,"loyalty",-0.5,-0.4,-4.9
1190,325,"Dallas",2024-07-12,-244.99,"none",0,-19.6,-264.59
1191,69,"Fort Worth",2024-03-03,-137.58,"sale",-13.76,-11.01,-134.83
1192,199,"San Antonio",2024-05-13,-35,"none",0,-2.8,-37.8
1193,33,"San Antonio",2025-01-03,-15.79,"loyalty",-1.58,-1.26,-15.47
1194,33,"San Antonio",2024-12-15,-49,"loyalty",-4.9,-3.92,-48.02
1195,113,"Austin",2024-02-10,-153,"none",0,-12.24,-165.24
1196,28,"Dallas",2024-12-06,-5.99,"coupon",-0.6,-0.48,-5.87
1197,28,"Dallas",2024-11-20,-10.5,"coupon",-1.05,-0.84,-10.29
1198,149,"Fort Worth",2024-04-25,-20.79,"none",0,-1.66,-22.45
1199,51,"Austin",2024-03-22,-156,"sale",-15.6,-12.48,-152.88
1200,50,"Fort Worth",2024-06-11,-96,"coupon",-9.6,-7.68,-94.08
1201,50,"Fort Worth",2024-06-17,-9.99,"coupon",-1,-0.8,-9.79
1202,390,"Austin",2024-06-13,-37.98,"none",0,-3.04,-41.02
1203,316,"San Antonio",2024-12-15,-105.5,"coupon",-10.55,-8.44,-103.39
1204,79,"Houston",2024-10-05,-34.99,"loyalty",-3.5,-2.8,-34.29
1205,79,"Houston",2024-10-11,-8,"loyalty",-0.8,-0.64,-7.84
1206,5,"Houston",2024-09-13,-173.99,"coupon",-17.4,-13.92,-170.51
1207,195,"Dallas",2024-02-07,-13,"loyalty",-1.3,-1.04,-12.74
1208,195,"Dallas",2024-02-07,-156,"loyalty",-15.6,-12.48,-152.88
1209,195,"Dallas",2024-02-13,-39.16,"loyalty",-3.92,-3.13,-38.37
1210,233,"Dallas",2024-10-14,-208.5,"none",0,-16.68,-225.18
1211,233,"Dallas",2024-11-04,-266,"none",0,-21.28,-287.28
1212,233,"Dallas",2024-10-25,-156,"none",0,-12.48,-168.48
1213,28,"Dallas",2024-11-17,-471.16,"coupon",-47.12,-37.69,-461.73
1214,178,"San Antonio",2024-07-27,-160,"coupon",-16,-12.8,-156.8
1215,402,"Houston",2024-04-15,-71.16,"sale",-7.12,-5.69,-69.73
1216,402,"Houston",2024-04-16,-183.5,"sale",-18.35,-14.68,-179.83
1217,402,"Houston",2024-04-16,-79,"sale",-7.9,-6.32,-77.42
1218,119,"Dallas",2024-02-23,-28.99,"coupon",-2.9,-2.32,-28.41
1219,177,"Austin",2024-01-19,-22.79,"none",0,-1.82,-24.61
1220,429,"Houston",2024-08-31,-117.79,"loyalty",-11.78,-9.42,-115.43
1221,429,"Houston",2024-08-23,-94,"loyalty",-9.4,-7.52,-92.12
1222,74,"Fort Worth",2024-07-14,-36.99,"none",0,-2.96,-39.95
1223,74,"Fort Worth",2024-07-10,-98,"none",0,-7.84,-105.84
1224,52,"Fort Worth",2024-09-29,-17.99,"loyalty",-1.8,-1.44,-17.63
1225,18,"Austin",2024-11-09,-15.79,"none",0,-1.26,-17.05
1226,309,"Austin",2024-05-25,-36.99,"none",0,-2.96,-39.95
1227,144,"Dallas",2024-02-17,-68,"none",0,-5.44,-73.44
1228,418,"San Antonio",2024-09-14,-16.99,"coupon",-1.7,-1.36,-16.65
1229,158,"Austin",2024-11-19,-4,"coupon",-0.4,-0.32,-3.92
1230,247,"Houston",2024-02-24,-150.99,"none",0,-12.08,-163.07
1231,349,"San Antonio",2024-09-09,-250.5,"none",0,-20.04,-270.54
1232,489,"Austin",2024-08-18,-21.58,"sale",-2.16,-1.73,-21.15
1233,60,"Austin",2025-01-06,-11,"none",0,-0.88,-11.88
1234,264,"Dallas",2024-11-18,-33.5,"sale",-3.35,-2.68,-32.83
1235,115,"Austin",2024-11-10,-187.98,"loyalty",-18.8,-15.04,-184.22
1236,69,"Houston",2024-12-19,-146.37,"coupon",-14.64,-11.71,-143.44
1237,484,"Houston",2024-02-11,-90,"sale",-9,-7.2,-88.2
1238,484,"Houston",2024-02-02,-5.5,"sale",-0.55,-0.44,-5.39
1239,258,"Houston",2024-11-18,-16.5,"none",0,-1.32,-17.82
1240,258,"Houston",2024-10-27,-284,"none",0,-22.72,-306.72
1241,335,"Houston",2024-05-01,-135,"none",0,-10.8,-145.8
1242,335,"Houston",2024-05-07,-29.99,"none",0,-2.4,-32.39
1243,72,"San Antonio",2024-09-02,-117.79,"loyalty",-11.78,-9.42,-115.43
1244,72,"San Antonio",2024-09-16,-17,"loyalty",-1.7,-1.36,-16.66
1245,97,"Houston",2024-06-09,-168,"coupon",-16.8,-13.44,-164.64
1246,97,"Houston",2024-06-14,-6,"coupon",-0.6,-0.48,-5.88
1247,449,"Fort Worth",2024-10-30,-56,"none",0,-4.48,-60.48
1248,97,"Houston",2024-12-23,-7.5,"none",0,-0.6,-8.1
1249,97,"Houston",2024-12-22,-16.5,"none",0,-1.32,-17.82
1250,9,"Austin",2024-06-23,-53.99,"coupon",-5.4,-4.32,-52.91
1251,9,"Austin",2024-07-09,-20.79,"coupon",-2.08,-1.66,-20.37
1252,204,"Houston",2024-03-20,-208.5,"coupon",-20.85,-16.68,-204.33
1253,211,"Dallas",2024-10-02,-83.5,"sale",-8.35,-6.68,-81.83
1254,434,"Austin",2024-03-25,-164.5,"none",0,-13.16,-177.66
1255,434,"Austin",2024-03-22,-88.99,"none",0,-7.12,-96.11
1256,434,"Austin",2024-04-03,-291.58,"none",0,-23.33,-314.91
1257,228,"San Antonio",2024-12-29,-2.5,"loyalty",-0.25,-0.2,-2.45
1258,486,"San Antonio",2024-08-27,-42.79,"sale",-4.28,-3.42,-41.93
1259,486,"San Antonio",2024-09-04,-93.58,"sale",-9.36,-7.49,-91.71
1260,486,"San Antonio",2024-09-04,-20.79,"sale",-2.08,-1.66,-20.37
1261,293,"Austin",2024-10-24,-33.98,"none",0,-2.72,-36.7
1262,381,"Dallas",2024-04-18,-44.79,"none",0,-3.58,-48.37
1263,381,"Dallas",2024-04-27,-39.99,"none",0,-3.2,-43.19
1264,187,"Fort Worth",2024-02-11,-16.5,"sale",-1.65,-1.32,-16.17
1265,187,"Fort Worth",2024-01-24,-57.99,"sale",-5.8,-4.64,-56.83
1266,385,"Houston",2024-03-08,-80,"none",0,-6.4,-86.4
1267,457,"Houston",2024-04-03,-27,"none",0,-2.16,-29.16
1268,142,"Fort Worth",2024-03-30,-105.5,"coupon",-10.55,-8.44,-103.39
1269,142,"Fort Worth",2024-04-11,-79.98,"coupon",-8,-6.4,-78.38
1270,142,"Fort Worth",2024-03-13,-44,"coupon",-4.4,-3.52,-43.12
1271,149,"San Antonio",2024-05-14,-85.5,"none",0,-6.84,-92.34
1272,363,"Austin",2024-04-20,-181.5,"none",0,-14.52,-196.02
1273,363,"Austin",2024-05-16,-102,"none",0,-8.16,-110.16
1274,59,"Houston",2024-07-29,-15.5,"coupon",-1.55,-1.24,-15.19
1275,496,"Dallas",2024-07-14,-184,"sale",-18.4,-14.72,-180.32
1276,496,"Dallas",2024-07-15,-93.99,"sale",-9.4,-7.52,-92.11
1277,289,"Austin",2024-04-18,-70,"sale",-7,-5.6,-68.6
1278,354,"Austin",2025-01-07,-312,"none",0,-24.96,-336.96
1279,341,"Fort Worth",2024-04-21,-47.79,"loyalty",-4.78,-3.82,-46.83
1280,159,"San Antonio",2024-03-18,-99.5,"sale",-9.95,-7.96,-97.51
1281,159,"San Antonio",2024-03-08,-13.98,"sale",-1.4,-1.12,-13.7
1282,108,"San Antonio",2024-06-08,-6.5,"none",0,-0.52,-7.02
1283,249,"Houston",2024-12-01,-68.79,"none",0,-5.5,-74.29
1284,249,"Houston",2024-11-23,-56.99,"none",0,-4.56,-61.55
1285,139,"Houston",2024-12-26,-30,"sale",-3,-2.4,-29.4
1286,97,"San Antonio",2024-08-20,-154.5,"none",0,-12.36,-166.86
1287,476,"Austin",2024-11-16,-137.58,"none",0,-11.01,-148.59
1288,240,"San Antonio",2024-11-27,-53,"coupon",-5.3,-4.24,-51.94
1289,274,"Fort Worth",2024-02-24,-68,"loyalty",-6.8,-5.44,-66.64
1290,314,"Houston",2024-03-07,-82,"loyalty",-8.2,-6.56,-80.36
1291,432,"Austin",2024-10-15,-5.5,"coupon",-0.55,-0.44,-5.39
1292,499,"Fort Worth",2024-08-16,-142,"coupon",-14.2,-11.36,-139.16
1293,118,"Dallas",2024-03-26,-244.99,"none",0,-19.6,-264.59
1294,307,"Dallas",2024-04-08,-35,"loyalty",-3.5,-2.8,-34.3
1295,366,"Houston",2024-08-17,-206.37,"none",0,-16.51,-222.88
1296,366,"Houston",2024-08-28,-56.99,"none",0,-4.56,-61.55
1297,434,"San Antonio",2024-05-28,-163.79,"none",0,-13.1,-176.89
1298,180,"Austin",2024-08-27,-47.79,"none",0,-3.82,-51.61
1299,337,"Dallas",2024-04-05,-29.5,"loyalty",-2.95,-2.36,-28.91
1300,337,"Dallas",2024-03-31,-198,"loyalty",-19.8,-15.84,-194.04
1301,262,"Austin",2024-01-30,-85,"sale",-8.5,-6.8,-83.3
1302,262,"Austin",2024-01-20,-136,"sale",-13.6,-10.88,-133.28
1303,262,"Austin",2024-01-22,-9.99,"sale",-1,-0.8,-9.79
1304,175,"San Antonio",2024-04-30,-98,"none",0,-7.84,-105.84
1305,121,"San Antonio",2024-02-07,-15.79,"none",0,-1.26,-17.05
1306,406,"Dallas",2024-02-22,-146.5,"coupon",-14.65,-11.72,-143.57
1307,374,"San Antonio",2024-07-28,-65.97,"none",0,-5.28,-71.25
1308,374,"San Antonio",2024-07-28,-361.5,"none",0,-28.92,-390.42
1309,374,"San Antonio",2024-08-08,-48,"none",0,-3.84,-51.84
1310,78,"Fort Worth",2024-07-22,-8,"coupon",-0.8,-0.64,-7.84
1311,488,"Fort Worth",2024-12-31,-35,"none",0,-2.8,-37.8
1312,233,"Fort Worth",2024-02-09,-21.99,"sale",-2.2,-1.76,-21.55
1313,233,"Fort Worth",2024-02-03,-117.5,"sale",-11.75,-9.4,-115.15
1314,83,"Houston",2024-03-09,-34,"none",0,-2.72,-36.72
1315,116,"Fort Worth",2024-11-02,-33.5,"none",0,-2.68,-36.18
1316,346,"Houston",2024-07-05,-18.79,"none",0,-1.5,-20.29
1317,142,"Austin",2024-03-20,-111,"loyalty",-11.1,-8.88,-108.78
1318,142,"Austin",2024-03-11,-52.5,"loyalty",-5.25,-4.2,-51.45
1319,142,"Austin",2024-02-29,-57.99,"loyalty",-5.8,-4.64,-56.83
1320,142,"Austin",2024-03-09,-83.16,"loyalty",-8.32,-6.65,-81.49
1321,406,"Austin",2024-03-02,-22.79,"none",0,-1.82,-24.61
1322,332,"Austin",2024-06-24,-321,"none",0,-25.68,-346.68
1323,314,"Austin",2024-06-16,-55.98,"coupon",-5.6,-4.48,-54.86
1324,314,"Austin",2024-06-27,-5.5,"coupon",-0.55,-0.44,-5.39
1325,314,"Austin",2024-06-13,-37.98,"coupon",-3.8,-3.04,-37.22
1326,1,"Fort Worth",2024-06-12,-15.5,"none",0,-1.24,-16.74
1327,1,"Fort Worth",2024-05-19,-29.79,"none",0,-2.38,-32.17
1328,353,"Fort Worth",2025-01-08,-47.79,"none",0,-3.82,-51.61
1329,353,"Fort Worth",2024-12-30,-10,"none",0,-0.8,-10.8
1330,154,"Fort Worth",2024-05-08,-9.99,"coupon",-1,-0.8,-9.79
1331,154,"Fort Worth",2024-04-18,-93.58,"coupon",-9.36,-7.49,-91.71
1332,58,"Houston",2024-05-13,-25,"none",0,-2,-27
1333,64,"San Antonio",2025-01-09,-25.5,"none",0,-2.04,-27.54
1334,340,"Austin",2024-11-29,-143.5,"coupon",-14.35,-11.48,-140.63
1335,215,"Austin",2024-10-27,-456.99,"none",0,-36.56,-493.55
1336,351,"San Antonio",2024-11-08,-5,"sale",-0.5,-0.4,-4.9
1337,127,"Fort Worth",2024-11-30,-16.5,"sale",-1.65,-1.32,-16.17
1338,25,"Dallas",2024-08-21,-149,"none",0,-11.92,-160.92
1339,394,"Austin",2024-02-10,-57.99,"none",0,-4.64,-62.63
1340,40,"Dallas",2024-06-14,-65.58,"none",0,-5.25,-70.83
1341,269,"Austin",2024-03-09,-237,"coupon",-23.7,-18.96,-232.26
1342,473,"Austin",2024-09-06,-12.79,"sale",-1.28,-1.02,-12.53
1343,171,"Austin",2024-11-18,-389.58,"loyalty",-38.96,-31.17,-381.79
1344,431,"Fort Worth",2024-09-29,-44.79,"none",0,-3.58,-48.37
1345,198,"Dallas",2024-06-16,-261.58,"none",0,-20.93,-282.51
1346,32,"Austin",2024-10-18,-156,"loyalty",-15.6,-12.48,-152.88
1347,408,"Houston",2024-03-30,-16.5,"none",0,-1.32,-17.82
1348,408,"Houston",2024-03-11,-138,"none",0,-11.04,-149.04
1349,408,"Houston",2024-04-02,-81,"none",0,-6.48,-87.48
1350,408,"Houston",2024-03-28,-189.58,"none",0,-15.17,-204.75
1351,151,"San Antonio",2024-02-24,-13,"coupon",-1.3,-1.04,-12.74
1352,183,"Houston",2024-08-12,-13,"coupon",-1.3,-1.04,-12.74
1353,157,"San Antonio",2024-01-26,-22,"coupon",-2.2,-1.76,-21.56
1354,260,"San Antonio",2024-07-05,-183.5,"none",0,-14.68,-198.18
1355,260,"San Antonio",2024-07-16,-11.98,"none",0,-0.96,-12.94
1356,452,"Houston",2024-07-05,-30,"none",0,-2.4,-32.4
1357,452,"Houston",2024-07-04,-41.58,"none",0,-3.33,-44.91
1358,495,"San Antonio",2024-12-31,-439,"loyalty",-43.9,-35.12,-430.22
1359,370,"Dallas",2024-06-14,-33.5,"none",0,-2.68,-36.18
1360,370,"Dallas",2024-06-18,-120.5,"none",0,-9.64,-130.14
1361,370,"Dallas",2024-06-18,-194.79,"none",0,-15.58,-210.37
1362,370,"Dallas",2024-06-23,-396,"none",0,-31.68,-427.68
1363,175,"Dallas",2024-11-09,-88,"loyalty",-8.8,-7.04,-86.24
1364,415,"Dallas",2024-03-26,-287,"coupon",-28.7,-22.96,-281.26
1365,268,"Fort Worth",2024-07-03,-15.5,"sale",-1.55,-1.24,-15.19
1366,138,"Austin",2024-03-06,-25.99,"sale",-2.6,-2.08,-25.47
1367,401,"Houston",2024-04-09,-53,"sale",-5.3,-4.24,-51.94
1368,377,"San Antonio",2024-12-27,-35,"coupon",-3.5,-2.8,-34.3
1369,377,"San Antonio",2025-01-02,-47.37,"coupon",-4.74,-3.79,-46.42
1370,483,"Dallas",2025-01-18,-26.5,"sale",-2.65,-2.12,-25.97
1371,41,"Houston",2024-09-16,-25,"none",0,-2,-27
1372,193,"Fort Worth",2024-09-25,-208.5,"none",0,-16.68,-225.18
1373,193,"Fort Worth",2024-10-19,-17.58,"none",0,-1.41,-18.99
1374,193,"Fort Worth",2024-10-20,-45.58,"none",0,-3.65,-49.23
1375,164,"Fort Worth",2024-12-12,-25,"loyalty",-2.5,-2,-24.5
1376,164,"Fort Worth",2025-01-01,-9.99,"loyalty",-1,-0.8,-9.79
1377,285,"Austin",2024-09-29,-167.96,"loyalty",-16.8,-13.44,-164.6
1378,445,"Dallas",2024-10-29,-422.5,"loyalty",-42.25,-33.8,-414.05
1379,265,"Dallas",2024-07-09,-17,"sale",-1.7,-1.36,-16.66
1380,333,"San Antonio",2024-07-18,-83.5,"loyalty",-8.35,-6.68,-81.83
1381,333,"San Antonio",2024-07-21,-275,"loyalty",-27.5,-22,-269.5
1382,265,"Dallas",2024-01-27,-4,"none",0,-0.32,-4.32
1383,255,"Dallas",2024-07-07,-53,"loyalty",-5.3,-4.24,-51.94
1384,255,"Dallas",2024-06-28,-16.99,"loyalty",-1.7,-1.36,-16.65
1385,385,"Fort Worth",2024-05-13,-112,"loyalty",-11.2,-8.96,-109.76
1386,101,"Dallas",2024-09-29,-52.5,"loyalty",-5.25,-4.2,-51.45
1387,101,"Dallas",2024-09-17,-457.5,"loyalty",-45.75,-36.6,-448.35
1388,407,"Fort Worth",2024-12-29,-53.37,"none",0,-4.27,-57.64
1389,407,"Fort Worth",2025-01-03,-190,"none",0,-15.2,-205.2
1390,407,"Fort Worth",2024-12-25,-68.37,"none",0,-5.47,-73.84
1391,277,"Dallas",2024-11-28,-270,"loyalty",-27,-21.6,-264.6
1392,454,"Houston",2024-09-14,-118.5,"loyalty",-11.85,-9.48,-116.13
1393,294,"San Antonio",2024-09-16,-183.5,"none",0,-14.68,-198.18
1394,212,"Dallas",2025-01-05,-52.5,"loyalty",-5.25,-4.2,-51.45
1395,475,"Houston",2024-11-11,-89.58,"none",0,-7.17,-96.75
1396,475,"Houston",2024-11-21,-5,"none",0,-0.4,-5.4
1397,207,"Houston",2024-03-19,-52.5,"none",0,-4.2,-56.7
1398,207,"Houston",2024-02-28,-225.5,"none",0,-18.04,-243.54
1399,207,"Houston",2024-02-28,-76.79,"none",0,-6.14,-82.93
1400,207,"Houston",2024-03-06,-149,"none",0,-11.92,-160.92
1401,207,"Houston",2024-02-25,-1827.96,"none",0,-146.24,-1974.2
1402,284,"Dallas",2024-08-04,-180,"none",0,-14.4,-194.4
1403,407,"Houston",2024-07-12,-26.5,"none",0,-2.12,-28.62
1404,184,"Houston",2024-11-30,-16.5,"none",0,-1.32,-17.82
1405,184,"Houston",2024-11-26,-451,"none",0,-36.08,-487.08
1406,334,"Dallas",2024-10-09,-235,"sale",-23.5,-18.8,-230.3
1407,489,"Austin",2024-07-28,-30,"loyalty",-3,-2.4,-29.4
1408,485,"San Antonio",2024-07-21,-331.96,"coupon",-33.2,-26.56,-325.32
1409,61,"Austin",2024-06-09,-26.79,"none",0,-2.14,-28.93
1410,61,"Austin",2024-06-04,-62.37,"none",0,-4.99,-67.36
1411,45,"Dallas",2024-06-13,-389.58,"none",0,-31.17,-420.75
1412,441,"Houston",2024-12-11,-27,"sale",-2.7,-2.16,-26.46
1413,441,"Houston",2024-12-26,-21.99,"sale",-2.2,-1.76,-21.55
1414,448,"San Antonio",2024-03-06,-94.79,"sale",-9.48,-7.58,-92.89
1415,448,"San Antonio",2024-03-05,-554.37,"sale",-55.44,-44.35,-543.28
1416,344,"Houston",2024-09-14,-26.5,"coupon",-2.65,-2.12,-25.97
1417,412,"Houston",2024-08-17,-269.37,"none",0,-21.55,-290.92
1418,412,"Houston",2024-08-17,-79.98,"none",0,-6.4,-86.38
1419,166,"San Antonio",2024-12-14,-26.5,"coupon",-2.65,-2.12,-25.97
1420,166,"San Antonio",2025-01-04,-9.99,"coupon",-1,-0.8,-9.79
1421,166,"San Antonio",2025-01-07,-6.5,"coupon",-0.65,-0.52,-6.37
1422,166,"San Antonio",2025-01-03,-208.5,"coupon",-20.85,-16.68,-204.33
1423,188,"Austin",2024-04-20,-19.98,"loyalty",-2,-1.6,-19.58
1424,315,"Austin",2024-09-13,-149,"coupon",-14.9,-11.92,-146.02
1425,315,"Austin",2024-08-28,-44,"coupon",-4.4,-3.52,-43.12
1426,11,"Austin",2024-09-24,-73.5,"none",0,-5.88,-79.38
1427,497,"Fort Worth",2024-04-16,-10.99,"loyalty",-1.1,-0.88,-10.77
1428,446,"San Antonio",2024-07-29,-45.58,"none",0,-3.65,-49.23
1429,490,"Austin",2024-02-29,-68.37,"loyalty",-6.84,-5.47,-67
1430,189,"San Antonio",2024-06-07,-158,"coupon",-15.8,-12.64,-154.84
1431,189,"San Antonio",2024-06-01,-30,"coupon",-3,-2.4,-29.4
1432,22,"Austin",2024-08-25,-129,"coupon",-12.9,-10.32,-126.42
1433,22,"Austin",2024-09-12,-29.99,"coupon",-3,-2.4,-29.39
1434,137,"Austin",2024-06-06,-138,"none",0,-11.04,-149.04
1435,137,"Austin",2024-05-23,-180,"none",0,-14.4,-194.4
1436,426,"Houston",2024-03-26,-117.79,"none",0,-9.42,-127.21
1437,153,"Fort Worth",2024-07-08,-38.99,"none",0,-3.12,-42.11
1438,423,"Austin",2024-05-02,-7.5,"coupon",-0.75,-0.6,-7.35
1439,229,"Austin",2024-06-02,-156,"none",0,-12.48,-168.48
1440,53,"Fort Worth",2024-11-14,-35,"none",0,-2.8,-37.8
1441,110,"Fort Worth",2024-07-10,-56,"none",0,-4.48,-60.48
1442,110,"Fort Worth",2024-06-22,-5.99,"none",0,-0.48,-6.47
1443,477,"Houston",2024-08-26,-183.5,"sale",-18.35,-14.68,-179.83
1444,193,"Fort Worth",2024-06-27,-106.79,"none",0,-8.54,-115.33
1445,193,"Fort Worth",2024-07-03,-8,"none",0,-0.64,-8.64
1446,193,"Fort Worth",2024-06-07,-358.99,"none",0,-28.72,-387.71
1447,377,"Dallas",2024-11-16,-306,"sale",-30.6,-24.48,-299.88
1448,459,"San Antonio",2024-03-09,-69.98,"sale",-7,-5.6,-68.58
1449,459,"San Antonio",2024-03-14,-189.58,"sale",-18.96,-15.17,-185.79
1450,238,"Dallas",2024-02-11,-29.5,"sale",-2.95,-2.36,-28.91
1451,369,"Houston",2025-01-04,-22.79,"none",0,-1.82,-24.61
1452,455,"Houston",2024-06-13,-219.5,"none",0,-17.56,-237.06
1453,29,"Fort Worth",2024-09-06,-399,"coupon",-39.9,-31.92,-391.02
1454,423,"Fort Worth",2024-08-05,-307.16,"none",0,-24.57,-331.73
1455,423,"Fort Worth",2024-07-13,-208.5,"none",0,-16.68,-225.18
1456,404,"Houston",2024-10-21,-193.58,"none",0,-15.49,-209.07
1457,59,"Dallas",2024-05-25,-21.98,"coupon",-2.2,-1.76,-21.54
1458,118,"San Antonio",2024-02-06,-34,"none",0,-2.72,-36.72
1459,38,"Austin",2024-05-23,-167,"coupon",-16.7,-13.36,-163.66
1460,468,"Fort Worth",2024-02-22,-56,"loyalty",-5.6,-4.48,-54.88
1461,79,"Dallas",2024-05-31,-29.79,"loyalty",-2.98,-2.38,-29.19
1462,324,"Austin",2024-07-21,-35.58,"loyalty",-3.56,-2.85,-34.87
1463,324,"Austin",2024-07-23,-22.99,"loyalty",-2.3,-1.84,-22.53
1464,261,"Austin",2024-06-06,-16.5,"none",0,-1.32,-17.82
1465,44,"Houston",2024-02-10,-65.97,"coupon",-6.6,-5.28,-64.65
1466,142,"San Antonio",2025-01-05,-287,"none",0,-22.96,-309.96
1467,294,"San Antonio",2024-09-08,-196.74,"none",0,-15.74,-212.48
1468,294,"San Antonio",2024-08-16,-22.79,"none",0,-1.82,-24.61
1469,404,"Austin",2024-12-17,-32.97,"loyalty",-3.3,-2.64,-32.31
1470,101,"San Antonio",2024-09-04,-98.5,"sale",-9.85,-7.88,-96.53
1471,367,"Dallas",2024-09-09,-183.5,"loyalty",-18.35,-14.68,-179.83
1472,367,"Dallas",2024-09-19,-5,"loyalty",-0.5,-0.4,-4.9
1473,416,"Fort Worth",2024-03-20,-149.94,"sale",-14.99,-12,-146.95
1474,276,"Houston",2024-02-06,-5.5,"coupon",-0.55,-0.44,-5.39
1475,276,"Houston",2024-02-05,-183.5,"coupon",-18.35,-14.68,-179.83
1476,276,"Houston",2024-02-15,-14,"coupon",-1.4,-1.12,-13.72
1477,262,"Austin",2024-11-04,-133.5,"none",0,-10.68,-144.18
1478,240,"San Antonio",2024-11-15,-18.99,"none",0,-1.52,-20.51
1479,240,"San Antonio",2024-11-17,-85.5,"none",0,-6.84,-92.34
1480,20,"Austin",2024-03-16,-83.98,"none",0,-6.72,-90.7
1481,20,"Austin",2024-03-14,-56.99,"none",0,-4.56,-61.55
1482,270,"Dallas",2024-06-01,-25.5,"none",0,-2.04,-27.54
1483,292,"Fort Worth",2024-02-16,-381,"sale",-38.1,-30.48,-373.38
1484,83,"Fort Worth",2024-09-18,-145.79,"none",0,-11.66,-157.45
1485,83,"Fort Worth",2024-09-07,-179.97,"none",0,-14.4,-194.37
1486,423,"San Antonio",2024-01-17,-15,"loyalty",-1.5,-1.2,-14.7
1487,423,"San Antonio",2024-01-04,-68.79,"loyalty",-6.88,-5.5,-67.41
1488,12,"Austin",2024-12-13,-245,"none",0,-19.6,-264.6
1489,274,"Houston",2024-05-01,-184.79,"sale",-18.48,-14.78,-181.09
1490,365,"Fort Worth",2024-10-04,-717.98,"none",0,-57.44,-775.42
1491,365,"Fort Worth",2024-09-08,-56.99,"none",0,-4.56,-61.55
1492,193,"Fort Worth",2024-05-05,-18.79,"sale",-1.88,-1.5,-18.41
1493,193,"Fort Worth",2024-05-11,-80,"sale",-8,-6.4,-78.4
1494,4,"Austin",2024-08-12,-41,"none",0,-3.28,-44.28
1495,2,"Austin",2025-01-01,-46.79,"none",0,-3.74,-50.53
1496,2,"Austin",2024-12-20,-53,"none",0,-4.24,-57.24
1497,210,"Fort Worth",2024-11-25,-17,"sale",-1.7,-1.36,-16.66
1498,372,"Austin",2024-05-23,-160,"loyalty",-16,-12.8,-156.8
1499,372,"Austin",2024-05-19,-21,"loyalty",-2.1,-1.68,-20.58
1500,436,"Dallas",2024-12-23,-120.99,"sale",-12.1,-9.68,-118.57
1501,379,"San Antonio",2024-07-13,-29.99,"sale",-3,-2.4,-29.39
1502,379,"San Antonio",2024-07-08,-63.5,"sale",-6.35,-5.08,-62.23
1503,379,"San Antonio",2024-07-30,-34,"sale",-3.4,-2.72,-33.32
1504,397,"Austin",2024-07-01,-113.98,"none",0,-9.12,-123.1
1505,397,"Austin",2024-06-15,-22.79,"none",0,-1.82,-24.61
1506,438,"Austin",2024-09-16,-8.79,"coupon",-0.88,-0.7,-8.61
1507,463,"Fort Worth",2024-03-09,-15.5,"loyalty",-1.55,-1.24,-15.19
1508,463,"Fort Worth",2024-02-18,-137.5,"loyalty",-13.75,-11,-134.75
1509,87,"Fort Worth",2024-05-09,-172,"sale",-17.2,-13.76,-168.56
1510,158,"San Antonio",2024-12-22,-156,"loyalty",-15.6,-12.48,-152.88
1511,495,"Fort Worth",2024-03-10,-136.79,"coupon",-13.68,-10.94,-134.05
1512,495,"Fort Worth",2024-03-28,-27.79,"coupon",-2.78,-2.22,-27.23
1513,162,"Fort Worth",2024-12-01,-94.79,"coupon",-9.48,-7.58,-92.89
1514,497,"Houston",2024-11-25,-12,"none",0,-0.96,-12.96
1515,75,"Fort Worth",2024-02-05,-17.58,"none",0,-1.41,-18.99
1516,75,"Fort Worth",2024-02-09,-88,"none",0,-7.04,-95.04
1517,25,"Austin",2025-01-02,-170,"none",0,-13.6,-183.6
1518,25,"Austin",2024-12-31,-10.99,"none",0,-0.88,-11.87
1519,398,"Fort Worth",2024-05-10,-76.5,"none",0,-6.12,-82.62
1520,35,"San Antonio",2024-02-08,-22.99,"none",0,-1.84,-24.83
1521,348,"Fort Worth",2024-10-16,-23.98,"none",0,-1.92,-25.9
1522,475,"Dallas",2024-04-27,-320,"loyalty",-32,-25.6,-313.6
1523,36,"San Antonio",2024-02-05,-213.58,"loyalty",-21.36,-17.09,-209.31
1524,279,"Fort Worth",2024-01-14,-33,"none",0,-2.64,-35.64
1525,279,"Fort Worth",2024-01-21,-11.99,"none",0,-0.96,-12.95
1526,279,"Fort Worth",2024-01-29,-29.79,"none",0,-2.38,-32.17
1527,445,"Austin",2024-01-20,-96.79,"sale",-9.68,-7.74,-94.85
1528,19,"Austin",2024-10-12,-143.37,"coupon",-14.34,-11.47,-140.5
1529,19,"Austin",2024-10-13,-22,"coupon",-2.2,-1.76,-21.56
1530,102,"Fort Worth",2024-01-29,-156,"loyalty",-15.6,-12.48,-152.88
1531,102,"Fort Worth",2024-01-24,-18.79,"loyalty",-1.88,-1.5,-18.41
1532,119,"Houston",2024-12-16,-57.99,"none",0,-4.64,-62.63
1533,119,"Houston",2024-12-16,-79,"none",0,-6.32,-85.32
1534,73,"Fort Worth",2024-03-30,-22.99,"coupon",-2.3,-1.84,-22.53
1535,73,"Fort Worth",2024-03-23,-417,"coupon",-41.7,-33.36,-408.66
1536,73,"Fort Worth",2024-04-16,-208.5,"coupon",-20.85,-16.68,-204.33
1537,342,"San Antonio",2024-10-10,-47.79,"coupon",-4.78,-3.82,-46.83
1538,327,"Fort Worth",2024-04-18,-167.98,"loyalty",-16.8,-13.44,-164.62
1539,327,"Fort Worth",2024-05-12,-17.79,"loyalty",-1.78,-1.42,-17.43
1540,407,"San Antonio",2025-01-03,-25,"none",0,-2,-27
1541,338,"Houston",2024-12-11,-18.99,"loyalty",-1.9,-1.52,-18.61
1542,338,"Houston",2024-12-11,-34.99,"loyalty",-3.5,-2.8,-34.29
1543,338,"Houston",2024-12-16,-41.99,"loyalty",-4.2,-3.36,-41.15
1544,404,"San Antonio",2024-03-04,-86,"loyalty",-8.6,-6.88,-84.28
1545,65,"Dallas",2024-01-28,-208.5,"loyalty",-20.85,-16.68,-204.33
1546,65,"Dallas",2024-02-08,-9,"loyalty",-0.9,-0.72,-8.82
1547,126,"Austin",2024-11-20,-266,"sale",-26.6,-21.28,-260.68
1548,166,"Dallas",2024-11-23,-48.79,"coupon",-4.88,-3.9,-47.81
1549,204,"Dallas",2024-01-21,-266,"none",0,-21.28,-287.28
1550,405,"Austin",2024-09-16,-90,"none",0,-7.2,-97.2
1551,130,"Houston",2024-02-28,-46.79,"none",0,-3.74,-50.53
1552,8,"San Antonio",2024-12-12,-16.5,"none",0,-1.32,-17.82
1553,231,"Houston",2024-02-23,-19.5,"loyalty",-1.95,-1.56,-19.11
1554,231,"Houston",2024-03-03,-53,"loyalty",-5.3,-4.24,-51.94
1555,102,"Fort Worth",2024-06-04,-25.5,"sale",-2.55,-2.04,-24.99
1556,10,"Dallas",2024-04-09,-147,"none",0,-11.76,-158.76
1557,142,"San Antonio",2024-10-30,-50.99,"coupon",-5.1,-4.08,-49.97
1558,272,"Houston",2024-06-05,-99,"loyalty",-9.9,-7.92,-97.02
1559,272,"Houston",2024-06-09,-47,"loyalty",-4.7,-3.76,-46.06
1560,401,"Dallas",2024-06-21,-142.5,"sale",-14.25,-11.4,-139.65
1561,401,"Dallas",2024-06-22,-10.99,"sale",-1.1,-0.88,-10.77
1562,204,"Dallas",2025-01-04,-52.5,"loyalty",-5.25,-4.2,-51.45
1563,204,"Dallas",2025-01-02,-63.5,"loyalty",-6.35,-5.08,-62.23
1564,204,"Dallas",2024-12-30,-39.99,"loyalty",-4,-3.2,-39.19
1565,52,"San Antonio",2024-06-02,-17.99,"loyalty",-1.8,-1.44,-17.63
1566,52,"San Antonio",2024-06-18,-133.5,"loyalty",-13.35,-10.68,-130.83
1567,130,"Austin",2024-05-08,-94.79,"sale",-9.48,-7.58,-92.89
1568,236,"Houston",2024-12-10,-21.58,"none",0,-1.73,-23.31
1569,61,"Dallas",2024-04-29,-173.97,"none",0,-13.92,-187.89
1570,61,"Dallas",2024-05-16,-363,"none",0,-29.04,-392.04
1571,24,"San Antonio",2024-06-27,-33.98,"none",0,-2.72,-36.7
1572,375,"Fort Worth",2024-05-22,-248.97,"loyalty",-24.9,-19.92,-243.99
1573,388,"Austin",2024-03-30,-301.98,"sale",-30.2,-24.16,-295.94
1574,496,"Fort Worth",2024-08-20,-240,"sale",-24,-19.2,-235.2
1575,372,"Austin",2024-11-18,-6.79,"none",0,-0.54,-7.33
1576,372,"Austin",2024-12-03,-194.79,"none",0,-15.58,-210.37
1577,38,"Fort Worth",2024-10-23,-27.79,"none",0,-2.22,-30.01
1578,27,"Fort Worth",2024-08-01,-270,"none",0,-21.6,-291.6
1579,170,"San Antonio",2024-08-13,-89.79,"coupon",-8.98,-7.18,-87.99
1580,3,"Fort Worth",2024-11-26,-266,"coupon",-26.6,-21.28,-260.68
1581,3,"Fort Worth",2024-12-04,-16.5,"coupon",-1.65,-1.32,-16.17
1582,361,"Dallas",2024-07-10,-20.79,"sale",-2.08,-1.66,-20.37
1583,334,"Houston",2024-03-30,-156,"loyalty",-15.6,-12.48,-152.88
1584,287,"Dallas",2025-01-20,-269.37,"none",0,-21.55,-290.92
1585,329,"Dallas",2024-01-20,-158,"loyalty",-15.8,-12.64,-154.84
1586,145,"Fort Worth",2024-10-05,-25,"coupon",-2.5,-2,-24.5
1587,49,"San Antonio",2024-08-10,-86.97,"sale",-8.7,-6.96,-85.23
1588,49,"San Antonio",2024-07-29,-10.5,"sale",-1.05,-0.84,-10.29
1589,60,"San Antonio",2024-04-21,-37.58,"coupon",-3.76,-3.01,-36.83
1590,60,"San Antonio",2024-04-07,-158.79,"coupon",-15.88,-12.7,-155.61
1591,276,"Austin",2024-01-23,-27.99,"coupon",-2.8,-2.24,-27.43
1592,66,"Dallas",2024-12-13,-902,"none",0,-72.16,-974.16
1593,66,"Dallas",2024-12-18,-46.79,"none",0,-3.74,-50.53
1594,364,"Fort Worth",2024-03-27,-22,"none",0,-1.76,-23.76
1595,358,"Houston",2024-01-19,-9.99,"none",0,-0.8,-10.79
1596,38,"San Antonio",2024-03-31,-17,"none",0,-1.36,-18.36
1597,213,"Austin",2024-06-30,-280,"coupon",-28,-22.4,-274.4
1598,22,"San Antonio",2024-07-29,-170,"none",0,-13.6,-183.6
1599,324,"Houston",2024-12-14,-11,"none",0,-0.88,-11.88
1600,136,"Dallas",2024-09-04,-17.98,"coupon",-1.8,-1.44,-17.62
1601,254,"Austin",2024-10-01,-170,"none",0,-13.6,-183.6
1602,85,"Fort Worth",2024-11-24,-146.5,"none",0,-11.72,-158.22
1603,381,"Dallas",2024-04-24,-42.79,"none",0,-3.42,-46.21
1604,381,"Dallas",2024-04-28,-28.99,"none",0,-2.32,-31.31
1605,264,"Dallas",2024-05-31,-7,"none",0,-0.56,-7.56
1606,316,"Dallas",2024-11-23,-106.79,"sale",-10.68,-8.54,-104.65
1607,54,"Fort Worth",2024-12-06,-6,"loyalty",-0.6,-0.48,-5.88
1608,54,"Fort Worth",2024-11-29,-48.79,"loyalty",-4.88,-3.9,-47.81
1609,54,"Fort Worth",2024-12-16,-74.97,"loyalty",-7.5,-6,-73.47
1610,338,"Dallas",2024-04-07,-13,"sale",-1.3,-1.04,-12.74
1611,373,"Houston",2024-12-19,-76.5,"none",0,-6.12,-82.62
1612,211,"Houston",2024-07-05,-398,"coupon",-39.8,-31.84,-390.04
1613,130,"Dallas",2024-09-18,-214,"coupon",-21.4,-17.12,-209.72
1614,283,"Austin",2024-11-02,-39.99,"none",0,-3.2,-43.19
1615,283,"Austin",2024-11-06,-408,"none",0,-32.64,-440.64
1616,379,"Fort Worth",2024-05-30,-56.99,"sale",-5.7,-4.56,-55.85
1617,379,"Fort Worth",2024-05-21,-33,"sale",-3.3,-2.64,-32.34
1618,335,"Dallas",2024-04-15,-27,"none",0,-2.16,-29.16
1619,406,"Fort Worth",2024-05-24,-56,"none",0,-4.48,-60.48
1620,292,"Fort Worth",2024-06-29,-196,"none",0,-15.68,-211.68
1621,292,"Fort Worth",2024-06-28,-145.79,"none",0,-11.66,-157.45
1622,292,"Fort Worth",2024-06-29,-447,"none",0,-35.76,-482.76
1623,256,"Austin",2024-06-01,-158.79,"coupon",-15.88,-12.7,-155.61
1624,411,"San Antonio",2024-12-10,-11.98,"none",0,-0.96,-12.94
1625,36,"San Antonio",2024-10-30,-39.99,"coupon",-4,-3.2,-39.19
1626,2,"Houston",2024-05-28,-17.98,"coupon",-1.8,-1.44,-17.62
1627,2,"Houston",2024-06-12,-47.37,"coupon",-4.74,-3.79,-46.42
1628,27,"Austin",2024-09-17,-56,"loyalty",-5.6,-4.48,-54.88
1629,27,"Austin",2024-09-11,-6,"loyalty",-0.6,-0.48,-5.88
1630,434,"Austin",2024-07-18,-244.99,"sale",-24.5,-19.6,-240.09
1631,289,"San Antonio",2024-02-02,-128.79,"none",0,-10.3,-139.09
1632,157,"San Antonio",2024-09-07,-194,"sale",-19.4,-15.52,-190.12
1633,296,"Houston",2024-05-03,-22,"coupon",-2.2,-1.76,-21.56
1634,160,"Houston",2025-01-06,-180,"coupon",-18,-14.4,-176.4
1635,160,"Houston",2025-01-12,-1370.97,"coupon",-137.1,-109.68,-1343.55
1636,21,"Austin",2024-08-12,-16.99,"loyalty",-1.7,-1.36,-16.65
